textbox22,Textbox9
generated on 06/03/2020 20:00:37 UTC,Data from: All sites

Country,WHOREGION,FLUREGION,Year,Week,SDATE,EDATE,SPEC_RECEIVED_NB,SPEC_PROCESSED_NB,AH1,AH1N12009,AH3,AH5,ANOTSUBTYPED,INF_A,BYAMAGATA,BVICTORIA,BNOTDETERMINED,INF_B,ALL_INF,ALL_INF2,TITLE
Sudan,Eastern Mediterranean Region of WHO,Northern Africa,2005,1,2005-01-03,2005-01-09,,,,,,,,,,,,,,,No Report
Sudan,Eastern Mediterranean Region of WHO,Northern Africa,2005,2,2005-01-10,2005-01-16,,,,,,,,,,,,,,,No Report
Sudan,Eastern Mediterranean Region of WHO,Northern Africa,2005,3,2005-01-17,2005-01-23,,,,,,,,,,,,,,,No Report
Sudan,Eastern Mediterranean Region of WHO,Northern Africa,2005,4,2005-01-24,2005-01-30,,,,,,,,,,,,,,,No Report
Sudan,Eastern Mediterranean Region of WHO,Northern Africa,2005,5,2005-01-31,2005-02-06,,,,,,,,,,,,,,,No Report
Sudan,Eastern Mediterranean Region of WHO,Northern Africa,2005,6,2005-02-07,2005-02-13,,,,,,,,,,,,,,,No Report
Sudan,Eastern Mediterranean Region of WHO,Northern Africa,2005,7,2005-02-14,2005-02-20,,,,,,,,,,,,,,,No Report
Sudan,Eastern Mediterranean Region of WHO,Northern Africa,2005,8,2005-02-21,2005-02-27,,,,,,,,,,,,,,,No Report
Sudan,Eastern Mediterranean Region of WHO,Northern Africa,2005,9,2005-02-28,2005-03-06,,,,,,,,,,,,,,,No Report
Sudan,Eastern Mediterranean Region of WHO,Northern Africa,2005,10,2005-03-07,2005-03-13,,,,,,,,,,,,,,,No Report
Sudan,Eastern Mediterranean Region of WHO,Northern Africa,2005,11,2005-03-14,2005-03-20,,,,,,,,,,,,,,,No Report
Sudan,Eastern Mediterranean Region of WHO,Northern Africa,2005,12,2005-03-21,2005-03-27,,,,,,,,,,,,,,,No Report
Sudan,Eastern Mediterranean Region of WHO,Northern Africa,2005,13,2005-03-28,2005-04-03,,,,,,,,,,,,,,,No Report
Sudan,Eastern Mediterranean Region of WHO,Northern Africa,2005,14,2005-04-04,2005-04-10,,,,,,,,,,,,,,,No Report
Sudan,Eastern Mediterranean Region of WHO,Northern Africa,2005,15,2005-04-11,2005-04-17,,,,,,,,,,,,,,,No Report
Sudan,Eastern Mediterranean Region of WHO,Northern Africa,2005,16,2005-04-18,2005-04-24,,,,,,,,,,,,,,,No Report
Sudan,Eastern Mediterranean Region of WHO,Northern Africa,2005,17,2005-04-25,2005-05-01,,,,,,,,,,,,,,,No Report
Sudan,Eastern Mediterranean Region of WHO,Northern Africa,2005,18,2005-05-02,2005-05-08,,,,,,,,,,,,,,,No Report
Sudan,Eastern Mediterranean Region of WHO,Northern Africa,2005,19,2005-05-09,2005-05-15,,,,,,,,,,,,,,,No Report
Sudan,Eastern Mediterranean Region of WHO,Northern Africa,2005,20,2005-05-16,2005-05-22,,,,,,,,,,,,,,,No Report
Sudan,Eastern Mediterranean Region of WHO,Northern Africa,2005,21,2005-05-23,2005-05-29,,,,,,,,,,,,,,,No Report
Sudan,Eastern Mediterranean Region of WHO,Northern Africa,2005,22,2005-05-30,2005-06-05,,,,,,,,,,,,,,,No Report
Sudan,Eastern Mediterranean Region of WHO,Northern Africa,2005,23,2005-06-06,2005-06-12,,,,,,,,,,,,,,,No Report
Sudan,Eastern Mediterranean Region of WHO,Northern Africa,2005,24,2005-06-13,2005-06-19,,,,,,,,,,,,,,,No Report
Sudan,Eastern Mediterranean Region of WHO,Northern Africa,2005,25,2005-06-20,2005-06-26,,,,,,,,,,,,,,,No Report
Sudan,Eastern Mediterranean Region of WHO,Northern Africa,2005,26,2005-06-27,2005-07-03,,,,,,,,,,,,,,,No Report
Sudan,Eastern Mediterranean Region of WHO,Northern Africa,2005,27,2005-07-04,2005-07-10,,,,,,,,,,,,,,,No Report
Sudan,Eastern Mediterranean Region of WHO,Northern Africa,2005,28,2005-07-11,2005-07-17,,,,,,,,,,,,,,,No Report
Sudan,Eastern Mediterranean Region of WHO,Northern Africa,2005,29,2005-07-18,2005-07-24,,,,,,,,,,,,,,,No Report
Sudan,Eastern Mediterranean Region of WHO,Northern Africa,2005,30,2005-07-25,2005-07-31,,,,,,,,,,,,,,,No Report
Sudan,Eastern Mediterranean Region of WHO,Northern Africa,2005,31,2005-08-01,2005-08-07,,,,,,,,,,,,,,,No Report
Sudan,Eastern Mediterranean Region of WHO,Northern Africa,2005,32,2005-08-08,2005-08-14,,,,,,,,,,,,,,,No Report
Sudan,Eastern Mediterranean Region of WHO,Northern Africa,2005,33,2005-08-15,2005-08-21,,,,,,,,,,,,,,,No Report
Sudan,Eastern Mediterranean Region of WHO,Northern Africa,2005,34,2005-08-22,2005-08-28,,,,,,,,,,,,,,,No Report
Sudan,Eastern Mediterranean Region of WHO,Northern Africa,2005,35,2005-08-29,2005-09-04,,,,,,,,,,,,,,,No Report
Sudan,Eastern Mediterranean Region of WHO,Northern Africa,2005,36,2005-09-05,2005-09-11,,,,,,,,,,,,,,,No Report
Sudan,Eastern Mediterranean Region of WHO,Northern Africa,2005,37,2005-09-12,2005-09-18,,,,,,,,,,,,,,,No Report
Sudan,Eastern Mediterranean Region of WHO,Northern Africa,2005,38,2005-09-19,2005-09-25,,,,,,,,,,,,,,,No Report
Sudan,Eastern Mediterranean Region of WHO,Northern Africa,2005,39,2005-09-26,2005-10-02,,,,,,,,,,,,,,,No Report
Sudan,Eastern Mediterranean Region of WHO,Northern Africa,2005,40,2005-10-03,2005-10-09,,,,,,,,,,,,,,,No Report
Sudan,Eastern Mediterranean Region of WHO,Northern Africa,2005,41,2005-10-10,2005-10-16,,,,,,,,,,,,,,,No Report
Sudan,Eastern Mediterranean Region of WHO,Northern Africa,2005,42,2005-10-17,2005-10-23,,,,,,,,,,,,,,,No Report
Sudan,Eastern Mediterranean Region of WHO,Northern Africa,2005,43,2005-10-24,2005-10-30,,,,,,,,,,,,,,,No Report
Sudan,Eastern Mediterranean Region of WHO,Northern Africa,2005,44,2005-10-31,2005-11-06,,,,,,,,,,,,,,,No Report
Sudan,Eastern Mediterranean Region of WHO,Northern Africa,2005,45,2005-11-07,2005-11-13,,,,,,,,,,,,,,,No Report
Sudan,Eastern Mediterranean Region of WHO,Northern Africa,2005,46,2005-11-14,2005-11-20,,,,,,,,,,,,,,,No Report
Sudan,Eastern Mediterranean Region of WHO,Northern Africa,2005,47,2005-11-21,2005-11-27,,,,,,,,,,,,,,,No Report
Sudan,Eastern Mediterranean Region of WHO,Northern Africa,2005,48,2005-11-28,2005-12-04,,,,,,,,,,,,,,,No Report
Sudan,Eastern Mediterranean Region of WHO,Northern Africa,2005,49,2005-12-05,2005-12-11,,,,,,,,,,,,,,,No Report
Sudan,Eastern Mediterranean Region of WHO,Northern Africa,2005,50,2005-12-12,2005-12-18,,,,,,,,,,,,,,,No Report
Sudan,Eastern Mediterranean Region of WHO,Northern Africa,2005,51,2005-12-19,2005-12-25,,,,,,,,,,,,,,,No Report
Sudan,Eastern Mediterranean Region of WHO,Northern Africa,2005,52,2005-12-26,2006-01-01,,,,,,,,,,,,,,,No Report
Sudan,Eastern Mediterranean Region of WHO,Northern Africa,2006,1,2006-01-02,2006-01-08,,,,,,,,,,,,,,,No Report
Sudan,Eastern Mediterranean Region of WHO,Northern Africa,2006,2,2006-01-09,2006-01-15,,,,,,,,,,,,,,,No Report
Sudan,Eastern Mediterranean Region of WHO,Northern Africa,2006,3,2006-01-16,2006-01-22,,,,,,,,,,,,,,,No Report
Sudan,Eastern Mediterranean Region of WHO,Northern Africa,2006,4,2006-01-23,2006-01-29,,,,,,,,,,,,,,,No Report
Sudan,Eastern Mediterranean Region of WHO,Northern Africa,2006,5,2006-01-30,2006-02-05,,,,,,,,,,,,,,,No Report
Sudan,Eastern Mediterranean Region of WHO,Northern Africa,2006,6,2006-02-06,2006-02-12,,,,,,,,,,,,,,,No Report
Sudan,Eastern Mediterranean Region of WHO,Northern Africa,2006,7,2006-02-13,2006-02-19,,,,,,,,,,,,,,,No Report
Sudan,Eastern Mediterranean Region of WHO,Northern Africa,2006,8,2006-02-20,2006-02-26,,,,,,,,,,,,,,,No Report
Sudan,Eastern Mediterranean Region of WHO,Northern Africa,2006,9,2006-02-27,2006-03-05,,,,,,,,,,,,,,,No Report
Sudan,Eastern Mediterranean Region of WHO,Northern Africa,2006,10,2006-03-06,2006-03-12,,,,,,,,,,,,,,,No Report
Sudan,Eastern Mediterranean Region of WHO,Northern Africa,2006,11,2006-03-13,2006-03-19,,,,,,,,,,,,,,,No Report
Sudan,Eastern Mediterranean Region of WHO,Northern Africa,2006,12,2006-03-20,2006-03-26,,,,,,,,,,,,,,,No Report
Sudan,Eastern Mediterranean Region of WHO,Northern Africa,2006,13,2006-03-27,2006-04-02,,,,,,,,,,,,,,,No Report
Sudan,Eastern Mediterranean Region of WHO,Northern Africa,2006,14,2006-04-03,2006-04-09,,,,,,,,,,,,,,,No Report
Sudan,Eastern Mediterranean Region of WHO,Northern Africa,2006,15,2006-04-10,2006-04-16,,,,,,,,,,,,,,,No Report
Sudan,Eastern Mediterranean Region of WHO,Northern Africa,2006,16,2006-04-17,2006-04-23,,,,,,,,,,,,,,,No Report
Sudan,Eastern Mediterranean Region of WHO,Northern Africa,2006,17,2006-04-24,2006-04-30,,,,,,,,,,,,,,,No Report
Sudan,Eastern Mediterranean Region of WHO,Northern Africa,2006,18,2006-05-01,2006-05-07,,,,,,,,,,,,,,,No Report
Sudan,Eastern Mediterranean Region of WHO,Northern Africa,2006,19,2006-05-08,2006-05-14,,,,,,,,,,,,,,,No Report
Sudan,Eastern Mediterranean Region of WHO,Northern Africa,2006,20,2006-05-15,2006-05-21,,,,,,,,,,,,,,,No Report
Sudan,Eastern Mediterranean Region of WHO,Northern Africa,2006,21,2006-05-22,2006-05-28,,,,,,,,,,,,,,,No Report
Sudan,Eastern Mediterranean Region of WHO,Northern Africa,2006,22,2006-05-29,2006-06-04,,,,,,,,,,,,,,,No Report
Sudan,Eastern Mediterranean Region of WHO,Northern Africa,2006,23,2006-06-05,2006-06-11,,,,,,,,,,,,,,,No Report
Sudan,Eastern Mediterranean Region of WHO,Northern Africa,2006,24,2006-06-12,2006-06-18,,,,,,,,,,,,,,,No Report
Sudan,Eastern Mediterranean Region of WHO,Northern Africa,2006,25,2006-06-19,2006-06-25,,,,,,,,,,,,,,,No Report
Sudan,Eastern Mediterranean Region of WHO,Northern Africa,2006,26,2006-06-26,2006-07-02,,,,,,,,,,,,,,,No Report
Sudan,Eastern Mediterranean Region of WHO,Northern Africa,2006,27,2006-07-03,2006-07-09,,,,,,,,,,,,,,,No Report
Sudan,Eastern Mediterranean Region of WHO,Northern Africa,2006,28,2006-07-10,2006-07-16,,,,,,,,,,,,,,,No Report
Sudan,Eastern Mediterranean Region of WHO,Northern Africa,2006,29,2006-07-17,2006-07-23,,,,,,,,,,,,,,,No Report
Sudan,Eastern Mediterranean Region of WHO,Northern Africa,2006,30,2006-07-24,2006-07-30,,,,,,,,,,,,,,,No Report
Sudan,Eastern Mediterranean Region of WHO,Northern Africa,2006,31,2006-07-31,2006-08-06,,,,,,,,,,,,,,,No Report
Sudan,Eastern Mediterranean Region of WHO,Northern Africa,2006,32,2006-08-07,2006-08-13,,,,,,,,,,,,,,,No Report
Sudan,Eastern Mediterranean Region of WHO,Northern Africa,2006,33,2006-08-14,2006-08-20,,,,,,,,,,,,,,,No Report
Sudan,Eastern Mediterranean Region of WHO,Northern Africa,2006,34,2006-08-21,2006-08-27,,,,,,,,,,,,,,,No Report
Sudan,Eastern Mediterranean Region of WHO,Northern Africa,2006,35,2006-08-28,2006-09-03,,,,,,,,,,,,,,,No Report
Sudan,Eastern Mediterranean Region of WHO,Northern Africa,2006,36,2006-09-04,2006-09-10,,,,,,,,,,,,,,,No Report
Sudan,Eastern Mediterranean Region of WHO,Northern Africa,2006,37,2006-09-11,2006-09-17,,,,,,,,,,,,,,,No Report
Sudan,Eastern Mediterranean Region of WHO,Northern Africa,2006,38,2006-09-18,2006-09-24,,,,,,,,,,,,,,,No Report
Sudan,Eastern Mediterranean Region of WHO,Northern Africa,2006,39,2006-09-25,2006-10-01,,,,,,,,,,,,,,,No Report
Sudan,Eastern Mediterranean Region of WHO,Northern Africa,2006,40,2006-10-02,2006-10-08,,,,,,,,,,,,,,,No Report
Sudan,Eastern Mediterranean Region of WHO,Northern Africa,2006,41,2006-10-09,2006-10-15,,,,,,,,,,,,,,,No Report
Sudan,Eastern Mediterranean Region of WHO,Northern Africa,2006,42,2006-10-16,2006-10-22,,,,,,,,,,,,,,,No Report
Sudan,Eastern Mediterranean Region of WHO,Northern Africa,2006,43,2006-10-23,2006-10-29,,,,,,,,,,,,,,,No Report
Sudan,Eastern Mediterranean Region of WHO,Northern Africa,2006,44,2006-10-30,2006-11-05,,,,,,,,,,,,,,,No Report
Sudan,Eastern Mediterranean Region of WHO,Northern Africa,2006,45,2006-11-06,2006-11-12,,,,,,,,,,,,,,,No Report
Sudan,Eastern Mediterranean Region of WHO,Northern Africa,2006,46,2006-11-13,2006-11-19,,,,,,,,,,,,,,,No Report
Sudan,Eastern Mediterranean Region of WHO,Northern Africa,2006,47,2006-11-20,2006-11-26,,,,,,,,,,,,,,,No Report
Sudan,Eastern Mediterranean Region of WHO,Northern Africa,2006,48,2006-11-27,2006-12-03,,,,,,,,,,,,,,,No Report
Sudan,Eastern Mediterranean Region of WHO,Northern Africa,2006,49,2006-12-04,2006-12-10,,,,,,,,,,,,,,,No Report
Sudan,Eastern Mediterranean Region of WHO,Northern Africa,2006,50,2006-12-11,2006-12-17,,,,,,,,,,,,,,,No Report
Sudan,Eastern Mediterranean Region of WHO,Northern Africa,2006,51,2006-12-18,2006-12-24,,,,,,,,,,,,,,,No Report
Sudan,Eastern Mediterranean Region of WHO,Northern Africa,2006,52,2006-12-25,2006-12-31,,,,,,,,,,,,,,,No Report
Sudan,Eastern Mediterranean Region of WHO,Northern Africa,2007,1,2007-01-01,2007-01-07,,,,,,,,,,,,,,,No Report
Sudan,Eastern Mediterranean Region of WHO,Northern Africa,2007,2,2007-01-08,2007-01-14,,,,,,,,,,,,,,,No Report
Sudan,Eastern Mediterranean Region of WHO,Northern Africa,2007,3,2007-01-15,2007-01-21,,,,,,,,,,,,,,,No Report
Sudan,Eastern Mediterranean Region of WHO,Northern Africa,2007,4,2007-01-22,2007-01-28,,,,,,,,,,,,,,,No Report
Sudan,Eastern Mediterranean Region of WHO,Northern Africa,2007,5,2007-01-29,2007-02-04,,,,,,,,,,,,,,,No Report
Sudan,Eastern Mediterranean Region of WHO,Northern Africa,2007,6,2007-02-05,2007-02-11,,,,,,,,,,,,,,,No Report
Sudan,Eastern Mediterranean Region of WHO,Northern Africa,2007,7,2007-02-12,2007-02-18,,,,,,,,,,,,,,,No Report
Sudan,Eastern Mediterranean Region of WHO,Northern Africa,2007,8,2007-02-19,2007-02-25,,,,,,,,,,,,,,,No Report
Sudan,Eastern Mediterranean Region of WHO,Northern Africa,2007,9,2007-02-26,2007-03-04,,,,,,,,,,,,,,,No Report
Sudan,Eastern Mediterranean Region of WHO,Northern Africa,2007,10,2007-03-05,2007-03-11,,,,,,,,,,,,,,,No Report
Sudan,Eastern Mediterranean Region of WHO,Northern Africa,2007,11,2007-03-12,2007-03-18,,,,,,,,,,,,,,,No Report
Sudan,Eastern Mediterranean Region of WHO,Northern Africa,2007,12,2007-03-19,2007-03-25,,,,,,,,,,,,,,,No Report
Sudan,Eastern Mediterranean Region of WHO,Northern Africa,2007,13,2007-03-26,2007-04-01,,,,,,,,,,,,,,,No Report
Sudan,Eastern Mediterranean Region of WHO,Northern Africa,2007,14,2007-04-02,2007-04-08,,,,,,,,,,,,,,,No Report
Sudan,Eastern Mediterranean Region of WHO,Northern Africa,2007,15,2007-04-09,2007-04-15,,,,,,,,,,,,,,,No Report
Sudan,Eastern Mediterranean Region of WHO,Northern Africa,2007,16,2007-04-16,2007-04-22,,,,,,,,,,,,,,,No Report
Sudan,Eastern Mediterranean Region of WHO,Northern Africa,2007,17,2007-04-23,2007-04-29,,,,,,,,,,,,,,,No Report
Sudan,Eastern Mediterranean Region of WHO,Northern Africa,2007,18,2007-04-30,2007-05-06,,,,,,,,,,,,,,,No Report
Sudan,Eastern Mediterranean Region of WHO,Northern Africa,2007,19,2007-05-07,2007-05-13,,,,,,,,,,,,,,,No Report
Sudan,Eastern Mediterranean Region of WHO,Northern Africa,2007,20,2007-05-14,2007-05-20,,,,,,,,,,,,,,,No Report
Sudan,Eastern Mediterranean Region of WHO,Northern Africa,2007,21,2007-05-21,2007-05-27,,,,,,,,,,,,,,,No Report
Sudan,Eastern Mediterranean Region of WHO,Northern Africa,2007,22,2007-05-28,2007-06-03,,,,,,,,,,,,,,,No Report
Sudan,Eastern Mediterranean Region of WHO,Northern Africa,2007,23,2007-06-04,2007-06-10,,,,,,,,,,,,,,,No Report
Sudan,Eastern Mediterranean Region of WHO,Northern Africa,2007,24,2007-06-11,2007-06-17,,,,,,,,,,,,,,,No Report
Sudan,Eastern Mediterranean Region of WHO,Northern Africa,2007,25,2007-06-18,2007-06-24,,,,,,,,,,,,,,,No Report
Sudan,Eastern Mediterranean Region of WHO,Northern Africa,2007,26,2007-06-25,2007-07-01,,,,,,,,,,,,,,,No Report
Sudan,Eastern Mediterranean Region of WHO,Northern Africa,2007,27,2007-07-02,2007-07-08,,,,,,,,,,,,,,,No Report
Sudan,Eastern Mediterranean Region of WHO,Northern Africa,2007,28,2007-07-09,2007-07-15,,,,,,,,,,,,,,,No Report
Sudan,Eastern Mediterranean Region of WHO,Northern Africa,2007,29,2007-07-16,2007-07-22,,,,,,,,,,,,,,,No Report
Sudan,Eastern Mediterranean Region of WHO,Northern Africa,2007,30,2007-07-23,2007-07-29,,,,,,,,,,,,,,,No Report
Sudan,Eastern Mediterranean Region of WHO,Northern Africa,2007,31,2007-07-30,2007-08-05,,,,,,,,,,,,,,,No Report
Sudan,Eastern Mediterranean Region of WHO,Northern Africa,2007,32,2007-08-06,2007-08-12,,,,,,,,,,,,,,,No Report
Sudan,Eastern Mediterranean Region of WHO,Northern Africa,2007,33,2007-08-13,2007-08-19,,,,,,,,,,,,,,,No Report
Sudan,Eastern Mediterranean Region of WHO,Northern Africa,2007,34,2007-08-20,2007-08-26,,,,,,,,,,,,,,,No Report
Sudan,Eastern Mediterranean Region of WHO,Northern Africa,2007,35,2007-08-27,2007-09-02,,,,,,,,,,,,,,,No Report
Sudan,Eastern Mediterranean Region of WHO,Northern Africa,2007,36,2007-09-03,2007-09-09,,,,,,,,,,,,,,,No Report
Sudan,Eastern Mediterranean Region of WHO,Northern Africa,2007,37,2007-09-10,2007-09-16,,,,,,,,,,,,,,,No Report
Sudan,Eastern Mediterranean Region of WHO,Northern Africa,2007,38,2007-09-17,2007-09-23,,,,,,,,,,,,,,,No Report
Sudan,Eastern Mediterranean Region of WHO,Northern Africa,2007,39,2007-09-24,2007-09-30,,,,,,,,,,,,,,,No Report
Sudan,Eastern Mediterranean Region of WHO,Northern Africa,2007,40,2007-10-01,2007-10-07,,,,,,,,,,,,,,,No Report
Sudan,Eastern Mediterranean Region of WHO,Northern Africa,2007,41,2007-10-08,2007-10-14,,,,,,,,,,,,,,,No Report
Sudan,Eastern Mediterranean Region of WHO,Northern Africa,2007,42,2007-10-15,2007-10-21,,,,,,,,,,,,,,,No Report
Sudan,Eastern Mediterranean Region of WHO,Northern Africa,2007,43,2007-10-22,2007-10-28,,,,,,,,,,,,,,,No Report
Sudan,Eastern Mediterranean Region of WHO,Northern Africa,2007,44,2007-10-29,2007-11-04,,,,,,,,,,,,,,,No Report
Sudan,Eastern Mediterranean Region of WHO,Northern Africa,2007,45,2007-11-05,2007-11-11,,,,,,,,,,,,,,,No Report
Sudan,Eastern Mediterranean Region of WHO,Northern Africa,2007,46,2007-11-12,2007-11-18,,,,,,,,,,,,,,,No Report
Sudan,Eastern Mediterranean Region of WHO,Northern Africa,2007,47,2007-11-19,2007-11-25,,,,,,,,,,,,,,,No Report
Sudan,Eastern Mediterranean Region of WHO,Northern Africa,2007,48,2007-11-26,2007-12-02,,,,,,,,,,,,,,,No Report
Sudan,Eastern Mediterranean Region of WHO,Northern Africa,2007,49,2007-12-03,2007-12-09,,,,,,,,,,,,,,,No Report
Sudan,Eastern Mediterranean Region of WHO,Northern Africa,2007,50,2007-12-10,2007-12-16,,,,,,,,,,,,,,,No Report
Sudan,Eastern Mediterranean Region of WHO,Northern Africa,2007,51,2007-12-17,2007-12-23,,,,,,,,,,,,,,,No Report
Sudan,Eastern Mediterranean Region of WHO,Northern Africa,2007,52,2007-12-24,2007-12-30,,,,,,,,,,,,,,,No Report
Sudan,Eastern Mediterranean Region of WHO,Northern Africa,2008,1,2007-12-31,2008-01-06,,,,,,,,,,,,,,,No Report
Sudan,Eastern Mediterranean Region of WHO,Northern Africa,2008,2,2008-01-07,2008-01-13,,,,,,,,,,,,,,,No Report
Sudan,Eastern Mediterranean Region of WHO,Northern Africa,2008,3,2008-01-14,2008-01-20,,,,,,,,,,,,,,,No Report
Sudan,Eastern Mediterranean Region of WHO,Northern Africa,2008,4,2008-01-21,2008-01-27,,,,,,,,,,,,,,,No Report
Sudan,Eastern Mediterranean Region of WHO,Northern Africa,2008,5,2008-01-28,2008-02-03,,,,,,,,,,,,,,,No Report
Sudan,Eastern Mediterranean Region of WHO,Northern Africa,2008,6,2008-02-04,2008-02-10,,,,,,,,,,,,,,,No Report
Sudan,Eastern Mediterranean Region of WHO,Northern Africa,2008,7,2008-02-11,2008-02-17,,,,,,,,,,,,,,,No Report
Sudan,Eastern Mediterranean Region of WHO,Northern Africa,2008,8,2008-02-18,2008-02-24,,,,,,,,,,,,,,,No Report
Sudan,Eastern Mediterranean Region of WHO,Northern Africa,2008,9,2008-02-25,2008-03-02,,,,,,,,,,,,,,,No Report
Sudan,Eastern Mediterranean Region of WHO,Northern Africa,2008,10,2008-03-03,2008-03-09,,,,,,,,,,,,,,,No Report
Sudan,Eastern Mediterranean Region of WHO,Northern Africa,2008,11,2008-03-10,2008-03-16,,,,,,,,,,,,,,,No Report
Sudan,Eastern Mediterranean Region of WHO,Northern Africa,2008,12,2008-03-17,2008-03-23,,,,,,,,,,,,,,,No Report
Sudan,Eastern Mediterranean Region of WHO,Northern Africa,2008,13,2008-03-24,2008-03-30,,,,,,,,,,,,,,,No Report
Sudan,Eastern Mediterranean Region of WHO,Northern Africa,2008,14,2008-03-31,2008-04-06,,,,,,,,,,,,,,,No Report
Sudan,Eastern Mediterranean Region of WHO,Northern Africa,2008,15,2008-04-07,2008-04-13,,,,,,,,,,,,,,,No Report
Sudan,Eastern Mediterranean Region of WHO,Northern Africa,2008,16,2008-04-14,2008-04-20,,,,,,,,,,,,,,,No Report
Sudan,Eastern Mediterranean Region of WHO,Northern Africa,2008,17,2008-04-21,2008-04-27,,,,,,,,,,,,,,,No Report
Sudan,Eastern Mediterranean Region of WHO,Northern Africa,2008,18,2008-04-28,2008-05-04,,,,,,,,,,,,,,,No Report
Sudan,Eastern Mediterranean Region of WHO,Northern Africa,2008,19,2008-05-05,2008-05-11,,,,,,,,,,,,,,,No Report
Sudan,Eastern Mediterranean Region of WHO,Northern Africa,2008,20,2008-05-12,2008-05-18,,,,,,,,,,,,,,,No Report
Sudan,Eastern Mediterranean Region of WHO,Northern Africa,2008,21,2008-05-19,2008-05-25,,,,,,,,,,,,,,,No Report
Sudan,Eastern Mediterranean Region of WHO,Northern Africa,2008,22,2008-05-26,2008-06-01,,,,,,,,,,,,,,,No Report
Sudan,Eastern Mediterranean Region of WHO,Northern Africa,2008,23,2008-06-02,2008-06-08,,,,,,,,,,,,,,,No Report
Sudan,Eastern Mediterranean Region of WHO,Northern Africa,2008,24,2008-06-09,2008-06-15,,,,,,,,,,,,,,,No Report
Sudan,Eastern Mediterranean Region of WHO,Northern Africa,2008,25,2008-06-16,2008-06-22,,,,,,,,,,,,,,,No Report
Sudan,Eastern Mediterranean Region of WHO,Northern Africa,2008,26,2008-06-23,2008-06-29,,,,,,,,,,,,,,,No Report
Sudan,Eastern Mediterranean Region of WHO,Northern Africa,2008,27,2008-06-30,2008-07-06,,,,,,,,,,,,,,,No Report
Sudan,Eastern Mediterranean Region of WHO,Northern Africa,2008,28,2008-07-07,2008-07-13,,,,,,,,,,,,,,,No Report
Sudan,Eastern Mediterranean Region of WHO,Northern Africa,2008,29,2008-07-14,2008-07-20,,,,,,,,,,,,,,,No Report
Sudan,Eastern Mediterranean Region of WHO,Northern Africa,2008,30,2008-07-21,2008-07-27,,,,,,,,,,,,,,,No Report
Sudan,Eastern Mediterranean Region of WHO,Northern Africa,2008,31,2008-07-28,2008-08-03,,,,,,,,,,,,,,,No Report
Sudan,Eastern Mediterranean Region of WHO,Northern Africa,2008,32,2008-08-04,2008-08-10,,,,,,,,,,,,,,,No Report
Sudan,Eastern Mediterranean Region of WHO,Northern Africa,2008,33,2008-08-11,2008-08-17,,,,,,,,,,,,,,,No Report
Sudan,Eastern Mediterranean Region of WHO,Northern Africa,2008,34,2008-08-18,2008-08-24,,,,,,,,,,,,,,,No Report
Sudan,Eastern Mediterranean Region of WHO,Northern Africa,2008,35,2008-08-25,2008-08-31,,,,,,,,,,,,,,,No Report
Sudan,Eastern Mediterranean Region of WHO,Northern Africa,2008,36,2008-09-01,2008-09-07,,,,,,,,,,,,,,,No Report
Sudan,Eastern Mediterranean Region of WHO,Northern Africa,2008,37,2008-09-08,2008-09-14,,,,,,,,,,,,,,,No Report
Sudan,Eastern Mediterranean Region of WHO,Northern Africa,2008,38,2008-09-15,2008-09-21,,,,,,,,,,,,,,,No Report
Sudan,Eastern Mediterranean Region of WHO,Northern Africa,2008,39,2008-09-22,2008-09-28,,,,,,,,,,,,,,,No Report
Sudan,Eastern Mediterranean Region of WHO,Northern Africa,2008,40,2008-09-29,2008-10-05,,,,,,,,,,,,,,,No Report
Sudan,Eastern Mediterranean Region of WHO,Northern Africa,2008,41,2008-10-06,2008-10-12,,,,,,,,,,,,,,,No Report
Sudan,Eastern Mediterranean Region of WHO,Northern Africa,2008,42,2008-10-13,2008-10-19,,,,,,,,,,,,,,,No Report
Sudan,Eastern Mediterranean Region of WHO,Northern Africa,2008,43,2008-10-20,2008-10-26,,,,,,,,,,,,,,,No Report
Sudan,Eastern Mediterranean Region of WHO,Northern Africa,2008,44,2008-10-27,2008-11-02,,,,,,,,,,,,,,,No Report
Sudan,Eastern Mediterranean Region of WHO,Northern Africa,2008,45,2008-11-03,2008-11-09,,,,,,,,,,,,,,,No Report
Sudan,Eastern Mediterranean Region of WHO,Northern Africa,2008,46,2008-11-10,2008-11-16,,,,,,,,,,,,,,,No Report
Sudan,Eastern Mediterranean Region of WHO,Northern Africa,2008,47,2008-11-17,2008-11-23,,,,,,,,,,,,,,,No Report
Sudan,Eastern Mediterranean Region of WHO,Northern Africa,2008,48,2008-11-24,2008-11-30,,,,,,,,,,,,,,,No Report
Sudan,Eastern Mediterranean Region of WHO,Northern Africa,2008,49,2008-12-01,2008-12-07,,,,,,,,,,,,,,,No Report
Sudan,Eastern Mediterranean Region of WHO,Northern Africa,2008,50,2008-12-08,2008-12-14,,,,,,,,,,,,,,,No Report
Sudan,Eastern Mediterranean Region of WHO,Northern Africa,2008,51,2008-12-15,2008-12-21,,,,,,,,,,,,,,,No Report
Sudan,Eastern Mediterranean Region of WHO,Northern Africa,2008,52,2008-12-22,2008-12-28,,,,,,,,,,,,,,,No Report
Sudan,Eastern Mediterranean Region of WHO,Northern Africa,2009,1,2008-12-29,2009-01-04,,,,,,,,,,,,,,,No Report
Sudan,Eastern Mediterranean Region of WHO,Northern Africa,2009,2,2009-01-05,2009-01-11,,,,,,,,,,,,,,,No Report
Sudan,Eastern Mediterranean Region of WHO,Northern Africa,2009,3,2009-01-12,2009-01-18,,,,,,,,,,,,,,,No Report
Sudan,Eastern Mediterranean Region of WHO,Northern Africa,2009,4,2009-01-19,2009-01-25,,,,,,,,,,,,,,,No Report
Sudan,Eastern Mediterranean Region of WHO,Northern Africa,2009,5,2009-01-26,2009-02-01,,,,,,,,,,,,,,,No Report
Sudan,Eastern Mediterranean Region of WHO,Northern Africa,2009,6,2009-02-02,2009-02-08,,,,,,,,,,,,,,,No Report
Sudan,Eastern Mediterranean Region of WHO,Northern Africa,2009,7,2009-02-09,2009-02-15,,,,,,,,,,,,,,,No Report
Sudan,Eastern Mediterranean Region of WHO,Northern Africa,2009,8,2009-02-16,2009-02-22,,,,,,,,,,,,,,,No Report
Sudan,Eastern Mediterranean Region of WHO,Northern Africa,2009,9,2009-02-23,2009-03-01,,,,,,,,,,,,,,,No Report
Sudan,Eastern Mediterranean Region of WHO,Northern Africa,2009,10,2009-03-02,2009-03-08,,,,,,,,,,,,,,,No Report
Sudan,Eastern Mediterranean Region of WHO,Northern Africa,2009,11,2009-03-09,2009-03-15,,,,,,,,,,,,,,,No Report
Sudan,Eastern Mediterranean Region of WHO,Northern Africa,2009,12,2009-03-16,2009-03-22,,,,,,,,,,,,,,,No Report
Sudan,Eastern Mediterranean Region of WHO,Northern Africa,2009,13,2009-03-23,2009-03-29,,,,,,,,,,,,,,,No Report
Sudan,Eastern Mediterranean Region of WHO,Northern Africa,2009,14,2009-03-30,2009-04-05,,,,,,,,,,,,,,,No Report
Sudan,Eastern Mediterranean Region of WHO,Northern Africa,2009,15,2009-04-06,2009-04-12,,,,,,,,,,,,,,,No Report
Sudan,Eastern Mediterranean Region of WHO,Northern Africa,2009,16,2009-04-13,2009-04-19,,,,,,,,,,,,,,,No Report
Sudan,Eastern Mediterranean Region of WHO,Northern Africa,2009,17,2009-04-20,2009-04-26,,,,,,,,,,,,,,,No Report
Sudan,Eastern Mediterranean Region of WHO,Northern Africa,2009,18,2009-04-27,2009-05-03,,,,,,,,,,,,,,,No Report
Sudan,Eastern Mediterranean Region of WHO,Northern Africa,2009,19,2009-05-04,2009-05-10,,,,,,,,,,,,,,,No Report
Sudan,Eastern Mediterranean Region of WHO,Northern Africa,2009,20,2009-05-11,2009-05-17,,,,,,,,,,,,,,,No Report
Sudan,Eastern Mediterranean Region of WHO,Northern Africa,2009,21,2009-05-18,2009-05-24,,,,,,,,,,,,,,,No Report
Sudan,Eastern Mediterranean Region of WHO,Northern Africa,2009,22,2009-05-25,2009-05-31,,,,,,,,,,,,,,,No Report
Sudan,Eastern Mediterranean Region of WHO,Northern Africa,2009,23,2009-06-01,2009-06-07,,,,,,,,,,,,,,,No Report
Sudan,Eastern Mediterranean Region of WHO,Northern Africa,2009,24,2009-06-08,2009-06-14,,,,,,,,,,,,,,,No Report
Sudan,Eastern Mediterranean Region of WHO,Northern Africa,2009,25,2009-06-15,2009-06-21,,,,,,,,,,,,,,,No Report
Sudan,Eastern Mediterranean Region of WHO,Northern Africa,2009,26,2009-06-22,2009-06-28,,,,,,,,,,,,,,,No Report
Sudan,Eastern Mediterranean Region of WHO,Northern Africa,2009,27,2009-06-29,2009-07-05,,,,,,,,,,,,,,,No Report
Sudan,Eastern Mediterranean Region of WHO,Northern Africa,2009,28,2009-07-06,2009-07-12,,,,,,,,,,,,,,,No Report
Sudan,Eastern Mediterranean Region of WHO,Northern Africa,2009,29,2009-07-13,2009-07-19,3,3,,2,,,,2,,,0,0,2,,Sporadic
Sudan,Eastern Mediterranean Region of WHO,Northern Africa,2009,30,2009-07-20,2009-07-26,1,1,,0,,,,0,,,0,0,0,,Sporadic
Sudan,Eastern Mediterranean Region of WHO,Northern Africa,2009,31,2009-07-27,2009-08-02,4,4,,1,,,1,2,,,0,0,2,,Sporadic
Sudan,Eastern Mediterranean Region of WHO,Northern Africa,2009,32,2009-08-03,2009-08-09,4,4,,1,,,,1,,,0,0,1,,Sporadic
Sudan,Eastern Mediterranean Region of WHO,Northern Africa,2009,33,2009-08-10,2009-08-16,0,0,,0,,,0,0,,,0,0,0,,Sporadic
Sudan,Eastern Mediterranean Region of WHO,Northern Africa,2009,34,2009-08-17,2009-08-23,0,0,,0,,,0,0,,,0,0,0,,Sporadic
Sudan,Eastern Mediterranean Region of WHO,Northern Africa,2009,35,2009-08-24,2009-08-30,0,0,,0,,,0,0,,,0,0,0,,Sporadic
Sudan,Eastern Mediterranean Region of WHO,Northern Africa,2009,36,2009-08-31,2009-09-06,0,0,,0,,,0,0,,,0,0,0,,Sporadic
Sudan,Eastern Mediterranean Region of WHO,Northern Africa,2009,37,2009-09-07,2009-09-13,3,3,,0,,,0,0,,,0,0,0,,Sporadic
Sudan,Eastern Mediterranean Region of WHO,Northern Africa,2009,38,2009-09-14,2009-09-20,6,5,0,0,0,,,0,0,0,0,0,0,,Sporadic
Sudan,Eastern Mediterranean Region of WHO,Northern Africa,2009,39,2009-09-21,2009-09-27,0,0,,0,,,0,0,,,0,0,0,,Sporadic
Sudan,Eastern Mediterranean Region of WHO,Northern Africa,2009,40,2009-09-28,2009-10-04,,,,,,,,,,,,,,,No Report
Sudan,Eastern Mediterranean Region of WHO,Northern Africa,2009,41,2009-10-05,2009-10-11,,,,,,,,,,,,,,,No Report
Sudan,Eastern Mediterranean Region of WHO,Northern Africa,2009,42,2009-10-12,2009-10-18,7,7,0,1,0,,,1,0,0,0,0,1,,Sporadic
Sudan,Eastern Mediterranean Region of WHO,Northern Africa,2009,43,2009-10-19,2009-10-25,0,0,0,0,0,,,0,0,0,0,0,0,,Sporadic
Sudan,Eastern Mediterranean Region of WHO,Northern Africa,2009,44,2009-10-26,2009-11-01,11,11,0,8,0,,,8,0,0,0,0,8,,Regional Outbreak
Sudan,Eastern Mediterranean Region of WHO,Northern Africa,2009,45,2009-11-02,2009-11-08,23,15,,7,,,0,7,,,0,0,7,,Regional Outbreak
Sudan,Eastern Mediterranean Region of WHO,Northern Africa,2009,46,2009-11-09,2009-11-15,135,86,,23,,,4,27,,,0,0,27,,Regional Outbreak
Sudan,Eastern Mediterranean Region of WHO,Northern Africa,2009,47,2009-11-16,2009-11-22,54,36,,14,,,2,16,,,0,0,16,,Regional Outbreak
Sudan,Eastern Mediterranean Region of WHO,Northern Africa,2009,48,2009-11-23,2009-11-29,16,12,0,5,0,,3,8,0,0,0,0,8,,Regional Outbreak
Sudan,Eastern Mediterranean Region of WHO,Northern Africa,2009,49,2009-11-30,2009-12-06,29,17,0,3,0,,0,3,0,0,0,0,3,,Regional Outbreak
Sudan,Eastern Mediterranean Region of WHO,Northern Africa,2009,50,2009-12-07,2009-12-13,54,32,0,2,0,0,1,3,0,0,0,0,3,,Sporadic
Sudan,Eastern Mediterranean Region of WHO,Northern Africa,2009,51,2009-12-14,2009-12-20,23,14,0,3,0,0,0,3,0,0,0,0,3,,Local Outbreak
Sudan,Eastern Mediterranean Region of WHO,Northern Africa,2009,52,2009-12-21,2009-12-27,,,,,,,,,,,,,,,No Report
Sudan,Eastern Mediterranean Region of WHO,Northern Africa,2009,53,2009-12-28,2010-01-03,,,,,,,,,,,,,,,No Report
Sudan,Eastern Mediterranean Region of WHO,Northern Africa,2010,1,2010-01-04,2010-01-10,,,,,,,,,,,,,,,No Report
Sudan,Eastern Mediterranean Region of WHO,Northern Africa,2010,2,2010-01-11,2010-01-17,,,,,,,,,,,,,,,No Report
Sudan,Eastern Mediterranean Region of WHO,Northern Africa,2010,3,2010-01-18,2010-01-24,,,,,,,,,,,,,,,No Report
Sudan,Eastern Mediterranean Region of WHO,Northern Africa,2010,4,2010-01-25,2010-01-31,,,,,,,,,,,,,,,No Report
Sudan,Eastern Mediterranean Region of WHO,Northern Africa,2010,5,2010-02-01,2010-02-07,,,,,,,,,,,,,,,No Report
Sudan,Eastern Mediterranean Region of WHO,Northern Africa,2010,6,2010-02-08,2010-02-14,,,,,,,,,,,,,,,No Report
Sudan,Eastern Mediterranean Region of WHO,Northern Africa,2010,7,2010-02-15,2010-02-21,,,,,,,,,,,,,,,No Report
Sudan,Eastern Mediterranean Region of WHO,Northern Africa,2010,8,2010-02-22,2010-02-28,,,,,,,,,,,,,,,No Report
Sudan,Eastern Mediterranean Region of WHO,Northern Africa,2010,9,2010-03-01,2010-03-07,,,,,,,,,,,,,,,No Report
Sudan,Eastern Mediterranean Region of WHO,Northern Africa,2010,10,2010-03-08,2010-03-14,,,,,,,,,,,,,,,No Report
Sudan,Eastern Mediterranean Region of WHO,Northern Africa,2010,11,2010-03-15,2010-03-21,,,,,,,,,,,,,,,No Report
Sudan,Eastern Mediterranean Region of WHO,Northern Africa,2010,12,2010-03-22,2010-03-28,,,,,,,,,,,,,,,No Report
Sudan,Eastern Mediterranean Region of WHO,Northern Africa,2010,13,2010-03-29,2010-04-04,,,,,,,,,,,,,,,No Report
Sudan,Eastern Mediterranean Region of WHO,Northern Africa,2010,14,2010-04-05,2010-04-11,,,,,,,,,,,,,,,No Report
Sudan,Eastern Mediterranean Region of WHO,Northern Africa,2010,15,2010-04-12,2010-04-18,,,,,,,,,,,,,,,No Report
Sudan,Eastern Mediterranean Region of WHO,Northern Africa,2010,16,2010-04-19,2010-04-25,,,,,,,,,,,,,,,No Report
Sudan,Eastern Mediterranean Region of WHO,Northern Africa,2010,17,2010-04-26,2010-05-02,,,,,,,,,,,,,,,No Report
Sudan,Eastern Mediterranean Region of WHO,Northern Africa,2010,18,2010-05-03,2010-05-09,,,,,,,,,,,,,,,No Report
Sudan,Eastern Mediterranean Region of WHO,Northern Africa,2010,19,2010-05-10,2010-05-16,,,,,,,,,,,,,,,No Report
Sudan,Eastern Mediterranean Region of WHO,Northern Africa,2010,20,2010-05-17,2010-05-23,,,,,,,,,,,,,,,No Report
Sudan,Eastern Mediterranean Region of WHO,Northern Africa,2010,21,2010-05-24,2010-05-30,,,,,,,,,,,,,,,No Report
Sudan,Eastern Mediterranean Region of WHO,Northern Africa,2010,22,2010-05-31,2010-06-06,,,,,,,,,,,,,,,No Report
Sudan,Eastern Mediterranean Region of WHO,Northern Africa,2010,23,2010-06-07,2010-06-13,,,,,,,,,,,,,,,No Report
Sudan,Eastern Mediterranean Region of WHO,Northern Africa,2010,24,2010-06-14,2010-06-20,,,,,,,,,,,,,,,No Report
Sudan,Eastern Mediterranean Region of WHO,Northern Africa,2010,25,2010-06-21,2010-06-27,,,,,,,,,,,,,,,No Report
Sudan,Eastern Mediterranean Region of WHO,Northern Africa,2010,26,2010-06-28,2010-07-04,,,,,,,,,,,,,,,No Report
Sudan,Eastern Mediterranean Region of WHO,Northern Africa,2010,27,2010-07-05,2010-07-11,,,,,,,,,,,,,,,No Report
Sudan,Eastern Mediterranean Region of WHO,Northern Africa,2010,28,2010-07-12,2010-07-18,,,,,,,,,,,,,,,No Report
Sudan,Eastern Mediterranean Region of WHO,Northern Africa,2010,29,2010-07-19,2010-07-25,,,,,,,,,,,,,,,No Report
Sudan,Eastern Mediterranean Region of WHO,Northern Africa,2010,30,2010-07-26,2010-08-01,,,,,,,,,,,,,,,No Report
Sudan,Eastern Mediterranean Region of WHO,Northern Africa,2010,31,2010-08-02,2010-08-08,,,,,,,,,,,,,,,No Report
Sudan,Eastern Mediterranean Region of WHO,Northern Africa,2010,32,2010-08-09,2010-08-15,,,,,,,,,,,,,,,No Report
Sudan,Eastern Mediterranean Region of WHO,Northern Africa,2010,33,2010-08-16,2010-08-22,,,,,,,,,,,,,,,No Report
Sudan,Eastern Mediterranean Region of WHO,Northern Africa,2010,34,2010-08-23,2010-08-29,,,,,,,,,,,,,,,No Report
Sudan,Eastern Mediterranean Region of WHO,Northern Africa,2010,35,2010-08-30,2010-09-05,,,,,,,,,,,,,,,No Report
Sudan,Eastern Mediterranean Region of WHO,Northern Africa,2010,36,2010-09-06,2010-09-12,,,,,,,,,,,,,,,No Report
Sudan,Eastern Mediterranean Region of WHO,Northern Africa,2010,37,2010-09-13,2010-09-19,,,,,,,,,,,,,,,No Report
Sudan,Eastern Mediterranean Region of WHO,Northern Africa,2010,38,2010-09-20,2010-09-26,,,,,,,,,,,,,,,No Report
Sudan,Eastern Mediterranean Region of WHO,Northern Africa,2010,39,2010-09-27,2010-10-03,,,,,,,,,,,,,,,No Report
Sudan,Eastern Mediterranean Region of WHO,Northern Africa,2010,40,2010-10-04,2010-10-10,,,,,,,,,,,,,,,No Report
Sudan,Eastern Mediterranean Region of WHO,Northern Africa,2010,41,2010-10-11,2010-10-17,,,,,,,,,,,,,,,No Report
Sudan,Eastern Mediterranean Region of WHO,Northern Africa,2010,42,2010-10-18,2010-10-24,,,,,,,,,,,,,,,No Report
Sudan,Eastern Mediterranean Region of WHO,Northern Africa,2010,43,2010-10-25,2010-10-31,,,,,,,,,,,,,,,No Report
Sudan,Eastern Mediterranean Region of WHO,Northern Africa,2010,44,2010-11-01,2010-11-07,,,,,,,,,,,,,,,No Report
Sudan,Eastern Mediterranean Region of WHO,Northern Africa,2010,45,2010-11-08,2010-11-14,,,,,,,,,,,,,,,No Report
Sudan,Eastern Mediterranean Region of WHO,Northern Africa,2010,46,2010-11-15,2010-11-21,,,,,,,,,,,,,,,No Report
Sudan,Eastern Mediterranean Region of WHO,Northern Africa,2010,47,2010-11-22,2010-11-28,,,,,,,,,,,,,,,No Report
Sudan,Eastern Mediterranean Region of WHO,Northern Africa,2010,48,2010-11-29,2010-12-05,,,,,,,,,,,,,,,No Report
Sudan,Eastern Mediterranean Region of WHO,Northern Africa,2010,49,2010-12-06,2010-12-12,,,,,,,,,,,,,,,No Report
Sudan,Eastern Mediterranean Region of WHO,Northern Africa,2010,50,2010-12-13,2010-12-19,,,,,,,,,,,,,,,No Report
Sudan,Eastern Mediterranean Region of WHO,Northern Africa,2010,51,2010-12-20,2010-12-26,,,,,,,,,,,,,,,No Report
Sudan,Eastern Mediterranean Region of WHO,Northern Africa,2010,52,2010-12-27,2011-01-02,,,,,,,,,,,,,,,No Report
Sudan,Eastern Mediterranean Region of WHO,Northern Africa,2011,1,2011-01-03,2011-01-09,,,,,,,,,,,,,,,No Report
Sudan,Eastern Mediterranean Region of WHO,Northern Africa,2011,2,2011-01-10,2011-01-16,,,,,,,,,,,,,,,No Report
Sudan,Eastern Mediterranean Region of WHO,Northern Africa,2011,3,2011-01-17,2011-01-23,,,,,,,,,,,,,,,No Report
Sudan,Eastern Mediterranean Region of WHO,Northern Africa,2011,4,2011-01-24,2011-01-30,,,,,,,,,,,,,,,No Report
Sudan,Eastern Mediterranean Region of WHO,Northern Africa,2011,5,2011-01-31,2011-02-06,,,,,,,,,,,,,,,No Report
Sudan,Eastern Mediterranean Region of WHO,Northern Africa,2011,6,2011-02-07,2011-02-13,,,,,,,,,,,,,,,No Report
Sudan,Eastern Mediterranean Region of WHO,Northern Africa,2011,7,2011-02-14,2011-02-20,,,,,,,,,,,,,,,No Report
Sudan,Eastern Mediterranean Region of WHO,Northern Africa,2011,8,2011-02-21,2011-02-27,,,,,,,,,,,,,,,No Report
Sudan,Eastern Mediterranean Region of WHO,Northern Africa,2011,9,2011-02-28,2011-03-06,,,,,,,,,,,,,,,No Report
Sudan,Eastern Mediterranean Region of WHO,Northern Africa,2011,10,2011-03-07,2011-03-13,,,,,,,,,,,,,,,No Report
Sudan,Eastern Mediterranean Region of WHO,Northern Africa,2011,11,2011-03-14,2011-03-20,,,,,,,,,,,,,,,No Report
Sudan,Eastern Mediterranean Region of WHO,Northern Africa,2011,12,2011-03-21,2011-03-27,,,,,,,,,,,,,,,No Report
Sudan,Eastern Mediterranean Region of WHO,Northern Africa,2011,13,2011-03-28,2011-04-03,,,,,,,,,,,,,,,No Report
Sudan,Eastern Mediterranean Region of WHO,Northern Africa,2011,14,2011-04-04,2011-04-10,,,,,,,,,,,,,,,No Report
Sudan,Eastern Mediterranean Region of WHO,Northern Africa,2011,15,2011-04-11,2011-04-17,,,,,,,,,,,,,,,No Report
Sudan,Eastern Mediterranean Region of WHO,Northern Africa,2011,16,2011-04-18,2011-04-24,,,,,,,,,,,,,,,No Report
Sudan,Eastern Mediterranean Region of WHO,Northern Africa,2011,17,2011-04-25,2011-05-01,,,,,,,,,,,,,,,No Report
Sudan,Eastern Mediterranean Region of WHO,Northern Africa,2011,18,2011-05-02,2011-05-08,,,,,,,,,,,,,,,No Report
Sudan,Eastern Mediterranean Region of WHO,Northern Africa,2011,19,2011-05-09,2011-05-15,,,,,,,,,,,,,,,No Report
Sudan,Eastern Mediterranean Region of WHO,Northern Africa,2011,20,2011-05-16,2011-05-22,,,,,,,,,,,,,,,No Report
Sudan,Eastern Mediterranean Region of WHO,Northern Africa,2011,21,2011-05-23,2011-05-29,,,,,,,,,,,,,,,No Report
Sudan,Eastern Mediterranean Region of WHO,Northern Africa,2011,22,2011-05-30,2011-06-05,,,,,,,,,,,,,,,No Report
Sudan,Eastern Mediterranean Region of WHO,Northern Africa,2011,23,2011-06-06,2011-06-12,,,,,,,,,,,,,,,No Report
Sudan,Eastern Mediterranean Region of WHO,Northern Africa,2011,24,2011-06-13,2011-06-19,,,,,,,,,,,,,,,No Report
Sudan,Eastern Mediterranean Region of WHO,Northern Africa,2011,25,2011-06-20,2011-06-26,,,,,,,,,,,,,,,No Report
Sudan,Eastern Mediterranean Region of WHO,Northern Africa,2011,26,2011-06-27,2011-07-03,,,,,,,,,,,,,,,No Report
Sudan,Eastern Mediterranean Region of WHO,Northern Africa,2011,27,2011-07-04,2011-07-10,,,,,,,,,,,,,,,No Report
Sudan,Eastern Mediterranean Region of WHO,Northern Africa,2011,28,2011-07-11,2011-07-17,,,,,,,,,,,,,,,No Report
Sudan,Eastern Mediterranean Region of WHO,Northern Africa,2011,29,2011-07-18,2011-07-24,,,,,,,,,,,,,,,No Report
Sudan,Eastern Mediterranean Region of WHO,Northern Africa,2011,30,2011-07-25,2011-07-31,,,,,,,,,,,,,,,No Report
Sudan,Eastern Mediterranean Region of WHO,Northern Africa,2011,31,2011-08-01,2011-08-07,,,,,,,,,,,,,,,No Report
Sudan,Eastern Mediterranean Region of WHO,Northern Africa,2011,32,2011-08-08,2011-08-14,,,,,,,,,,,,,,,No Report
Sudan,Eastern Mediterranean Region of WHO,Northern Africa,2011,33,2011-08-15,2011-08-21,,,,,,,,,,,,,,,No Report
Sudan,Eastern Mediterranean Region of WHO,Northern Africa,2011,34,2011-08-22,2011-08-28,,,,,,,,,,,,,,,No Report
Sudan,Eastern Mediterranean Region of WHO,Northern Africa,2011,35,2011-08-29,2011-09-04,,,,,,,,,,,,,,,No Report
Sudan,Eastern Mediterranean Region of WHO,Northern Africa,2011,36,2011-09-05,2011-09-11,,,,,,,,,,,,,,,No Report
Sudan,Eastern Mediterranean Region of WHO,Northern Africa,2011,37,2011-09-12,2011-09-18,,,,,,,,,,,,,,,No Report
Sudan,Eastern Mediterranean Region of WHO,Northern Africa,2011,38,2011-09-19,2011-09-25,,,,,,,,,,,,,,,No Report
Sudan,Eastern Mediterranean Region of WHO,Northern Africa,2011,39,2011-09-26,2011-10-02,,,,,,,,,,,,,,,No Report
Sudan,Eastern Mediterranean Region of WHO,Northern Africa,2011,40,2011-10-03,2011-10-09,,,,,,,,,,,,,,,No Report
Sudan,Eastern Mediterranean Region of WHO,Northern Africa,2011,41,2011-10-10,2011-10-16,,,,,,,,,,,,,,,No Report
Sudan,Eastern Mediterranean Region of WHO,Northern Africa,2011,42,2011-10-17,2011-10-23,,,,,,,,,,,,,,,No Report
Sudan,Eastern Mediterranean Region of WHO,Northern Africa,2011,43,2011-10-24,2011-10-30,,,,,,,,,,,,,,,No Report
Sudan,Eastern Mediterranean Region of WHO,Northern Africa,2011,44,2011-10-31,2011-11-06,,,,,,,,,,,,,,,No Report
Sudan,Eastern Mediterranean Region of WHO,Northern Africa,2011,45,2011-11-07,2011-11-13,,,,,,,,,,,,,,,No Report
Sudan,Eastern Mediterranean Region of WHO,Northern Africa,2011,46,2011-11-14,2011-11-20,,,,,,,,,,,,,,,No Report
Sudan,Eastern Mediterranean Region of WHO,Northern Africa,2011,47,2011-11-21,2011-11-27,,,,,,,,,,,,,,,No Report
Sudan,Eastern Mediterranean Region of WHO,Northern Africa,2011,48,2011-11-28,2011-12-04,,,,,,,,,,,,,,,No Report
Sudan,Eastern Mediterranean Region of WHO,Northern Africa,2011,49,2011-12-05,2011-12-11,,,,,,,,,,,,,,,No Report
Sudan,Eastern Mediterranean Region of WHO,Northern Africa,2011,50,2011-12-12,2011-12-18,,,,,,,,,,,,,,,No Report
Sudan,Eastern Mediterranean Region of WHO,Northern Africa,2011,51,2011-12-19,2011-12-25,,,,,,,,,,,,,,,No Report
Sudan,Eastern Mediterranean Region of WHO,Northern Africa,2011,52,2011-12-26,2012-01-01,,,,,,,,,,,,,,,No Report
Sudan,Eastern Mediterranean Region of WHO,Northern Africa,2012,1,2012-01-02,2012-01-08,,,,,,,,,,,,,,,No Report
Sudan,Eastern Mediterranean Region of WHO,Northern Africa,2012,2,2012-01-09,2012-01-15,,,,,,,,,,,,,,,No Report
Sudan,Eastern Mediterranean Region of WHO,Northern Africa,2012,3,2012-01-16,2012-01-22,,,,,,,,,,,,,,,No Report
Sudan,Eastern Mediterranean Region of WHO,Northern Africa,2012,4,2012-01-23,2012-01-29,,,,,,,,,,,,,,,No Report
Sudan,Eastern Mediterranean Region of WHO,Northern Africa,2012,5,2012-01-30,2012-02-05,,,,,,,,,,,,,,,No Report
Sudan,Eastern Mediterranean Region of WHO,Northern Africa,2012,6,2012-02-06,2012-02-12,,,,,,,,,,,,,,,No Report
Sudan,Eastern Mediterranean Region of WHO,Northern Africa,2012,7,2012-02-13,2012-02-19,,,,,,,,,,,,,,,No Report
Sudan,Eastern Mediterranean Region of WHO,Northern Africa,2012,8,2012-02-20,2012-02-26,,,,,,,,,,,,,,,No Report
Sudan,Eastern Mediterranean Region of WHO,Northern Africa,2012,9,2012-02-27,2012-03-04,,,,,,,,,,,,,,,No Report
Sudan,Eastern Mediterranean Region of WHO,Northern Africa,2012,10,2012-03-05,2012-03-11,,,,,,,,,,,,,,,No Report
Sudan,Eastern Mediterranean Region of WHO,Northern Africa,2012,11,2012-03-12,2012-03-18,,,,,,,,,,,,,,,No Report
Sudan,Eastern Mediterranean Region of WHO,Northern Africa,2012,12,2012-03-19,2012-03-25,,,,,,,,,,,,,,,No Report
Sudan,Eastern Mediterranean Region of WHO,Northern Africa,2012,13,2012-03-26,2012-04-01,,,,,,,,,,,,,,,No Report
Sudan,Eastern Mediterranean Region of WHO,Northern Africa,2012,14,2012-04-02,2012-04-08,,,,,,,,,,,,,,,No Report
Sudan,Eastern Mediterranean Region of WHO,Northern Africa,2012,15,2012-04-09,2012-04-15,,,,,,,,,,,,,,,No Report
Sudan,Eastern Mediterranean Region of WHO,Northern Africa,2012,16,2012-04-16,2012-04-22,,,,,,,,,,,,,,,No Report
Sudan,Eastern Mediterranean Region of WHO,Northern Africa,2012,17,2012-04-23,2012-04-29,,,,,,,,,,,,,,,No Report
Sudan,Eastern Mediterranean Region of WHO,Northern Africa,2012,18,2012-04-30,2012-05-06,,,,,,,,,,,,,,,No Report
Sudan,Eastern Mediterranean Region of WHO,Northern Africa,2012,19,2012-05-07,2012-05-13,,,,,,,,,,,,,,,No Report
Sudan,Eastern Mediterranean Region of WHO,Northern Africa,2012,20,2012-05-14,2012-05-20,,,,,,,,,,,,,,,No Report
Sudan,Eastern Mediterranean Region of WHO,Northern Africa,2012,21,2012-05-21,2012-05-27,,,,,,,,,,,,,,,No Report
Sudan,Eastern Mediterranean Region of WHO,Northern Africa,2012,22,2012-05-28,2012-06-03,,,,,,,,,,,,,,,No Report
Sudan,Eastern Mediterranean Region of WHO,Northern Africa,2012,23,2012-06-04,2012-06-10,,,,,,,,,,,,,,,No Report
Sudan,Eastern Mediterranean Region of WHO,Northern Africa,2012,24,2012-06-11,2012-06-17,,,,,,,,,,,,,,,No Report
Sudan,Eastern Mediterranean Region of WHO,Northern Africa,2012,25,2012-06-18,2012-06-24,,,,,,,,,,,,,,,No Report
Sudan,Eastern Mediterranean Region of WHO,Northern Africa,2012,26,2012-06-25,2012-07-01,,,,,,,,,,,,,,,No Report
Sudan,Eastern Mediterranean Region of WHO,Northern Africa,2012,27,2012-07-02,2012-07-08,,,,,,,,,,,,,,,No Report
Sudan,Eastern Mediterranean Region of WHO,Northern Africa,2012,28,2012-07-09,2012-07-15,,,,,,,,,,,,,,,No Report
Sudan,Eastern Mediterranean Region of WHO,Northern Africa,2012,29,2012-07-16,2012-07-22,,,,,,,,,,,,,,,No Report
Sudan,Eastern Mediterranean Region of WHO,Northern Africa,2012,30,2012-07-23,2012-07-29,,,,,,,,,,,,,,,No Report
Sudan,Eastern Mediterranean Region of WHO,Northern Africa,2012,31,2012-07-30,2012-08-05,,,,,,,,,,,,,,,No Report
Sudan,Eastern Mediterranean Region of WHO,Northern Africa,2012,32,2012-08-06,2012-08-12,,,,,,,,,,,,,,,No Report
Sudan,Eastern Mediterranean Region of WHO,Northern Africa,2012,33,2012-08-13,2012-08-19,,,,,,,,,,,,,,,No Report
Sudan,Eastern Mediterranean Region of WHO,Northern Africa,2012,34,2012-08-20,2012-08-26,,,,,,,,,,,,,,,No Report
Sudan,Eastern Mediterranean Region of WHO,Northern Africa,2012,35,2012-08-27,2012-09-02,,,,,,,,,,,,,,,No Report
Sudan,Eastern Mediterranean Region of WHO,Northern Africa,2012,36,2012-09-03,2012-09-09,,,,,,,,,,,,,,,No Report
Sudan,Eastern Mediterranean Region of WHO,Northern Africa,2012,37,2012-09-10,2012-09-16,,,,,,,,,,,,,,,No Report
Sudan,Eastern Mediterranean Region of WHO,Northern Africa,2012,38,2012-09-17,2012-09-23,,,,,,,,,,,,,,,No Report
Sudan,Eastern Mediterranean Region of WHO,Northern Africa,2012,39,2012-09-24,2012-09-30,,,,,,,,,,,,,,,No Report
Sudan,Eastern Mediterranean Region of WHO,Northern Africa,2012,40,2012-10-01,2012-10-07,,,,,,,,,,,,,,,No Report
Sudan,Eastern Mediterranean Region of WHO,Northern Africa,2012,41,2012-10-08,2012-10-14,,,,,,,,,,,,,,,No Report
Sudan,Eastern Mediterranean Region of WHO,Northern Africa,2012,42,2012-10-15,2012-10-21,,,,,,,,,,,,,,,No Report
Sudan,Eastern Mediterranean Region of WHO,Northern Africa,2012,43,2012-10-22,2012-10-28,,,,,,,,,,,,,,,No Report
Sudan,Eastern Mediterranean Region of WHO,Northern Africa,2012,44,2012-10-29,2012-11-04,,,,,,,,,,,,,,,No Report
Sudan,Eastern Mediterranean Region of WHO,Northern Africa,2012,45,2012-11-05,2012-11-11,,,,,,,,,,,,,,,No Report
Sudan,Eastern Mediterranean Region of WHO,Northern Africa,2012,46,2012-11-12,2012-11-18,,,,,,,,,,,,,,,No Report
Sudan,Eastern Mediterranean Region of WHO,Northern Africa,2012,47,2012-11-19,2012-11-25,,,,,,,,,,,,,,,No Report
Sudan,Eastern Mediterranean Region of WHO,Northern Africa,2012,48,2012-11-26,2012-12-02,,,,,,,,,,,,,,,No Report
Sudan,Eastern Mediterranean Region of WHO,Northern Africa,2012,49,2012-12-03,2012-12-09,,,,,,,,,,,,,,,No Report
Sudan,Eastern Mediterranean Region of WHO,Northern Africa,2012,50,2012-12-10,2012-12-16,,,,,,,,,,,,,,,No Report
Sudan,Eastern Mediterranean Region of WHO,Northern Africa,2012,51,2012-12-17,2012-12-23,,,,,,,,,,,,,,,No Report
Sudan,Eastern Mediterranean Region of WHO,Northern Africa,2012,52,2012-12-24,2012-12-30,,,,,,,,,,,,,,,No Report
Sudan,Eastern Mediterranean Region of WHO,Northern Africa,2013,1,2012-12-31,2013-01-06,,,,,,,,,,,,,,,No Report
Sudan,Eastern Mediterranean Region of WHO,Northern Africa,2013,2,2013-01-07,2013-01-13,,,,,,,,,,,,,,,No Report
Sudan,Eastern Mediterranean Region of WHO,Northern Africa,2013,3,2013-01-14,2013-01-20,,,,,,,,,,,,,,,No Report
Sudan,Eastern Mediterranean Region of WHO,Northern Africa,2013,4,2013-01-21,2013-01-27,,,,,,,,,,,,,,,No Report
Sudan,Eastern Mediterranean Region of WHO,Northern Africa,2013,5,2013-01-28,2013-02-03,,,,,,,,,,,,,,,No Report
Sudan,Eastern Mediterranean Region of WHO,Northern Africa,2013,6,2013-02-04,2013-02-10,,,,,,,,,,,,,,,No Report
Sudan,Eastern Mediterranean Region of WHO,Northern Africa,2013,7,2013-02-11,2013-02-17,,,,,,,,,,,,,,,No Report
Sudan,Eastern Mediterranean Region of WHO,Northern Africa,2013,8,2013-02-18,2013-02-24,,,,,,,,,,,,,,,No Report
Sudan,Eastern Mediterranean Region of WHO,Northern Africa,2013,9,2013-02-25,2013-03-03,,,,,,,,,,,,,,,No Report
Sudan,Eastern Mediterranean Region of WHO,Northern Africa,2013,10,2013-03-04,2013-03-10,,,,,,,,,,,,,,,No Report
Sudan,Eastern Mediterranean Region of WHO,Northern Africa,2013,11,2013-03-11,2013-03-17,,,,,,,,,,,,,,,No Report
Sudan,Eastern Mediterranean Region of WHO,Northern Africa,2013,12,2013-03-18,2013-03-24,,,,,,,,,,,,,,,No Report
Sudan,Eastern Mediterranean Region of WHO,Northern Africa,2013,13,2013-03-25,2013-03-31,,,,,,,,,,,,,,,No Report
Sudan,Eastern Mediterranean Region of WHO,Northern Africa,2013,14,2013-04-01,2013-04-07,,,,,,,,,,,,,,,No Report
Sudan,Eastern Mediterranean Region of WHO,Northern Africa,2013,15,2013-04-08,2013-04-14,,,,,,,,,,,,,,,No Report
Sudan,Eastern Mediterranean Region of WHO,Northern Africa,2013,16,2013-04-15,2013-04-21,,,,,,,,,,,,,,,No Report
Sudan,Eastern Mediterranean Region of WHO,Northern Africa,2013,17,2013-04-22,2013-04-28,,,,,,,,,,,,,,,No Report
Sudan,Eastern Mediterranean Region of WHO,Northern Africa,2013,18,2013-04-29,2013-05-05,,,,,,,,,,,,,,,No Report
Sudan,Eastern Mediterranean Region of WHO,Northern Africa,2013,19,2013-05-06,2013-05-12,,,,,,,,,,,,,,,No Report
Sudan,Eastern Mediterranean Region of WHO,Northern Africa,2013,20,2013-05-13,2013-05-19,,,,,,,,,,,,,,,No Report
Sudan,Eastern Mediterranean Region of WHO,Northern Africa,2013,21,2013-05-20,2013-05-26,,,,,,,,,,,,,,,No Report
Sudan,Eastern Mediterranean Region of WHO,Northern Africa,2013,22,2013-05-27,2013-06-02,,,,,,,,,,,,,,,No Report
Sudan,Eastern Mediterranean Region of WHO,Northern Africa,2013,23,2013-06-03,2013-06-09,,,,,,,,,,,,,,,No Report
Sudan,Eastern Mediterranean Region of WHO,Northern Africa,2013,24,2013-06-10,2013-06-16,,,,,,,,,,,,,,,No Report
Sudan,Eastern Mediterranean Region of WHO,Northern Africa,2013,25,2013-06-17,2013-06-23,,,,,,,,,,,,,,,No Report
Sudan,Eastern Mediterranean Region of WHO,Northern Africa,2013,26,2013-06-24,2013-06-30,,,,,,,,,,,,,,,No Report
Sudan,Eastern Mediterranean Region of WHO,Northern Africa,2013,27,2013-07-01,2013-07-07,,,,,,,,,,,,,,,No Report
Sudan,Eastern Mediterranean Region of WHO,Northern Africa,2013,28,2013-07-08,2013-07-14,,,,,,,,,,,,,,,No Report
Sudan,Eastern Mediterranean Region of WHO,Northern Africa,2013,29,2013-07-15,2013-07-21,,,,,,,,,,,,,,,No Report
Sudan,Eastern Mediterranean Region of WHO,Northern Africa,2013,30,2013-07-22,2013-07-28,,,,,,,,,,,,,,,No Report
Sudan,Eastern Mediterranean Region of WHO,Northern Africa,2013,31,2013-07-29,2013-08-04,,,,,,,,,,,,,,,No Report
Sudan,Eastern Mediterranean Region of WHO,Northern Africa,2013,32,2013-08-05,2013-08-11,,,,,,,,,,,,,,,No Report
Sudan,Eastern Mediterranean Region of WHO,Northern Africa,2013,33,2013-08-12,2013-08-18,,,,,,,,,,,,,,,No Report
Sudan,Eastern Mediterranean Region of WHO,Northern Africa,2013,34,2013-08-19,2013-08-25,,,,,,,,,,,,,,,No Report
Sudan,Eastern Mediterranean Region of WHO,Northern Africa,2013,35,2013-08-26,2013-09-01,,,,,,,,,,,,,,,No Report
Sudan,Eastern Mediterranean Region of WHO,Northern Africa,2013,36,2013-09-02,2013-09-08,,,,,,,,,,,,,,,No Report
Sudan,Eastern Mediterranean Region of WHO,Northern Africa,2013,37,2013-09-09,2013-09-15,,,,,,,,,,,,,,,No Report
Sudan,Eastern Mediterranean Region of WHO,Northern Africa,2013,38,2013-09-16,2013-09-22,,,,,,,,,,,,,,,No Report
Sudan,Eastern Mediterranean Region of WHO,Northern Africa,2013,39,2013-09-23,2013-09-29,,,,,,,,,,,,,,,No Report
Sudan,Eastern Mediterranean Region of WHO,Northern Africa,2013,40,2013-09-30,2013-10-06,,,,,,,,,,,,,,,No Report
Sudan,Eastern Mediterranean Region of WHO,Northern Africa,2013,41,2013-10-07,2013-10-13,,,,,,,,,,,,,,,No Report
Sudan,Eastern Mediterranean Region of WHO,Northern Africa,2013,42,2013-10-14,2013-10-20,,,,,,,,,,,,,,,No Report
Sudan,Eastern Mediterranean Region of WHO,Northern Africa,2013,43,2013-10-21,2013-10-27,,,,,,,,,,,,,,,No Report
Sudan,Eastern Mediterranean Region of WHO,Northern Africa,2013,44,2013-10-28,2013-11-03,,,,,,,,,,,,,,,No Report
Sudan,Eastern Mediterranean Region of WHO,Northern Africa,2013,45,2013-11-04,2013-11-10,,,,,,,,,,,,,,,No Report
Sudan,Eastern Mediterranean Region of WHO,Northern Africa,2013,46,2013-11-11,2013-11-17,,,,,,,,,,,,,,,No Report
Sudan,Eastern Mediterranean Region of WHO,Northern Africa,2013,47,2013-11-18,2013-11-24,,,,,,,,,,,,,,,No Report
Sudan,Eastern Mediterranean Region of WHO,Northern Africa,2013,48,2013-11-25,2013-12-01,,,,,,,,,,,,,,,No Report
Sudan,Eastern Mediterranean Region of WHO,Northern Africa,2013,49,2013-12-02,2013-12-08,,,,,,,,,,,,,,,No Report
Sudan,Eastern Mediterranean Region of WHO,Northern Africa,2013,50,2013-12-09,2013-12-15,,,,,,,,,,,,,,,No Report
Sudan,Eastern Mediterranean Region of WHO,Northern Africa,2013,51,2013-12-16,2013-12-22,,,,,,,,,,,,,,,No Report
Sudan,Eastern Mediterranean Region of WHO,Northern Africa,2013,52,2013-12-23,2013-12-29,,,,,,,,,,,,,,,No Report
Sudan,Eastern Mediterranean Region of WHO,Northern Africa,2014,1,2013-12-30,2014-01-05,,,,,,,,,,,,,,,No Report
Sudan,Eastern Mediterranean Region of WHO,Northern Africa,2014,2,2014-01-06,2014-01-12,,,,,,,,,,,,,,,No Report
Sudan,Eastern Mediterranean Region of WHO,Northern Africa,2014,3,2014-01-13,2014-01-19,,,,,,,,,,,,,,,No Report
Sudan,Eastern Mediterranean Region of WHO,Northern Africa,2014,4,2014-01-20,2014-01-26,,,,,,,,,,,,,,,No Report
Sudan,Eastern Mediterranean Region of WHO,Northern Africa,2014,5,2014-01-27,2014-02-02,,,,,,,,,,,,,,,No Report
Sudan,Eastern Mediterranean Region of WHO,Northern Africa,2014,6,2014-02-03,2014-02-09,,,,,,,,,,,,,,,No Report
Sudan,Eastern Mediterranean Region of WHO,Northern Africa,2014,7,2014-02-10,2014-02-16,,,,,,,,,,,,,,,No Report
Sudan,Eastern Mediterranean Region of WHO,Northern Africa,2014,8,2014-02-17,2014-02-23,,,,,,,,,,,,,,,No Report
Sudan,Eastern Mediterranean Region of WHO,Northern Africa,2014,9,2014-02-24,2014-03-02,,,,,,,,,,,,,,,No Report
Sudan,Eastern Mediterranean Region of WHO,Northern Africa,2014,10,2014-03-03,2014-03-09,,,,,,,,,,,,,,,No Report
Sudan,Eastern Mediterranean Region of WHO,Northern Africa,2014,11,2014-03-10,2014-03-16,,,,,,,,,,,,,,,No Report
Sudan,Eastern Mediterranean Region of WHO,Northern Africa,2014,12,2014-03-17,2014-03-23,,,,,,,,,,,,,,,No Report
Sudan,Eastern Mediterranean Region of WHO,Northern Africa,2014,13,2014-03-24,2014-03-30,,,,,,,,,,,,,,,No Report
Sudan,Eastern Mediterranean Region of WHO,Northern Africa,2014,14,2014-03-31,2014-04-06,,,,,,,,,,,,,,,No Report
Sudan,Eastern Mediterranean Region of WHO,Northern Africa,2014,15,2014-04-07,2014-04-13,,,,,,,,,,,,,,,No Report
Sudan,Eastern Mediterranean Region of WHO,Northern Africa,2014,16,2014-04-14,2014-04-20,,,,,,,,,,,,,,,No Report
Sudan,Eastern Mediterranean Region of WHO,Northern Africa,2014,17,2014-04-21,2014-04-27,,,,,,,,,,,,,,,No Report
Sudan,Eastern Mediterranean Region of WHO,Northern Africa,2014,18,2014-04-28,2014-05-04,,,,,,,,,,,,,,,No Report
Sudan,Eastern Mediterranean Region of WHO,Northern Africa,2014,19,2014-05-05,2014-05-11,,,,,,,,,,,,,,,No Report
Sudan,Eastern Mediterranean Region of WHO,Northern Africa,2014,20,2014-05-12,2014-05-18,,,,,,,,,,,,,,,No Report
Sudan,Eastern Mediterranean Region of WHO,Northern Africa,2014,21,2014-05-19,2014-05-25,,,,,,,,,,,,,,,No Report
Sudan,Eastern Mediterranean Region of WHO,Northern Africa,2014,22,2014-05-26,2014-06-01,,,,,,,,,,,,,,,No Report
Sudan,Eastern Mediterranean Region of WHO,Northern Africa,2014,23,2014-06-02,2014-06-08,,,,,,,,,,,,,,,No Report
Sudan,Eastern Mediterranean Region of WHO,Northern Africa,2014,24,2014-06-09,2014-06-15,,,,,,,,,,,,,,,No Report
Sudan,Eastern Mediterranean Region of WHO,Northern Africa,2014,25,2014-06-16,2014-06-22,,,,,,,,,,,,,,,No Report
Sudan,Eastern Mediterranean Region of WHO,Northern Africa,2014,26,2014-06-23,2014-06-29,,,,,,,,,,,,,,,No Report
Sudan,Eastern Mediterranean Region of WHO,Northern Africa,2014,27,2014-06-30,2014-07-06,,,,,,,,,,,,,,,No Report
Sudan,Eastern Mediterranean Region of WHO,Northern Africa,2014,28,2014-07-07,2014-07-13,,,,,,,,,,,,,,,No Report
Sudan,Eastern Mediterranean Region of WHO,Northern Africa,2014,29,2014-07-14,2014-07-20,,,,,,,,,,,,,,,No Report
Sudan,Eastern Mediterranean Region of WHO,Northern Africa,2014,30,2014-07-21,2014-07-27,,,,,,,,,,,,,,,No Report
Sudan,Eastern Mediterranean Region of WHO,Northern Africa,2014,31,2014-07-28,2014-08-03,,,,,,,,,,,,,,,No Report
Sudan,Eastern Mediterranean Region of WHO,Northern Africa,2014,32,2014-08-04,2014-08-10,,,,,,,,,,,,,,,No Report
Sudan,Eastern Mediterranean Region of WHO,Northern Africa,2014,33,2014-08-11,2014-08-17,,,,,,,,,,,,,,,No Report
Sudan,Eastern Mediterranean Region of WHO,Northern Africa,2014,34,2014-08-18,2014-08-24,,,,,,,,,,,,,,,No Report
Sudan,Eastern Mediterranean Region of WHO,Northern Africa,2014,35,2014-08-25,2014-08-31,,,,,,,,,,,,,,,No Report
Sudan,Eastern Mediterranean Region of WHO,Northern Africa,2014,36,2014-09-01,2014-09-07,,,,,,,,,,,,,,,No Report
Sudan,Eastern Mediterranean Region of WHO,Northern Africa,2014,37,2014-09-08,2014-09-14,,,,,,,,,,,,,,,No Report
Sudan,Eastern Mediterranean Region of WHO,Northern Africa,2014,38,2014-09-15,2014-09-21,,,,,,,,,,,,,,,No Report
Sudan,Eastern Mediterranean Region of WHO,Northern Africa,2014,39,2014-09-22,2014-09-28,,,,,,,,,,,,,,,No Report
Sudan,Eastern Mediterranean Region of WHO,Northern Africa,2014,40,2014-09-29,2014-10-05,,,,,,,,,,,,,,,No Report
Sudan,Eastern Mediterranean Region of WHO,Northern Africa,2014,41,2014-10-06,2014-10-12,,,,,,,,,,,,,,,No Report
Sudan,Eastern Mediterranean Region of WHO,Northern Africa,2014,42,2014-10-13,2014-10-19,,,,,,,,,,,,,,,No Report
Sudan,Eastern Mediterranean Region of WHO,Northern Africa,2014,43,2014-10-20,2014-10-26,,,,,,,,,,,,,,,No Report
Sudan,Eastern Mediterranean Region of WHO,Northern Africa,2014,44,2014-10-27,2014-11-02,,,,,,,,,,,,,,,No Report
Sudan,Eastern Mediterranean Region of WHO,Northern Africa,2014,45,2014-11-03,2014-11-09,,,,,,,,,,,,,,,No Report
Sudan,Eastern Mediterranean Region of WHO,Northern Africa,2014,46,2014-11-10,2014-11-16,,,,,,,,,,,,,,,No Report
Sudan,Eastern Mediterranean Region of WHO,Northern Africa,2014,47,2014-11-17,2014-11-23,,,,,,,,,,,,,,,No Report
Sudan,Eastern Mediterranean Region of WHO,Northern Africa,2014,48,2014-11-24,2014-11-30,,,,,,,,,,,,,,,No Report
Sudan,Eastern Mediterranean Region of WHO,Northern Africa,2014,49,2014-12-01,2014-12-07,,,,,,,,,,,,,,,No Report
Sudan,Eastern Mediterranean Region of WHO,Northern Africa,2014,50,2014-12-08,2014-12-14,,,,,,,,,,,,,,,No Report
Sudan,Eastern Mediterranean Region of WHO,Northern Africa,2014,51,2014-12-15,2014-12-21,,,,,,,,,,,,,,,No Report
Sudan,Eastern Mediterranean Region of WHO,Northern Africa,2014,52,2014-12-22,2014-12-28,,,,,,,,,,,,,,,No Report
Sudan,Eastern Mediterranean Region of WHO,Northern Africa,2015,1,2014-12-29,2015-01-04,,,,,,,,,,,,,,,No Report
Sudan,Eastern Mediterranean Region of WHO,Northern Africa,2015,2,2015-01-05,2015-01-11,,,,,,,,,,,,,,,No Report
Sudan,Eastern Mediterranean Region of WHO,Northern Africa,2015,3,2015-01-12,2015-01-18,,,,,,,,,,,,,,,No Report
Sudan,Eastern Mediterranean Region of WHO,Northern Africa,2015,4,2015-01-19,2015-01-25,,,,,,,,,,,,,,,No Report
Sudan,Eastern Mediterranean Region of WHO,Northern Africa,2015,5,2015-01-26,2015-02-01,,,,,,,,,,,,,,,No Report
Sudan,Eastern Mediterranean Region of WHO,Northern Africa,2015,6,2015-02-02,2015-02-08,,,,,,,,,,,,,,,No Report
Sudan,Eastern Mediterranean Region of WHO,Northern Africa,2015,7,2015-02-09,2015-02-15,,,,,,,,,,,,,,,No Report
Sudan,Eastern Mediterranean Region of WHO,Northern Africa,2015,8,2015-02-16,2015-02-22,,,,,,,,,,,,,,,No Report
Sudan,Eastern Mediterranean Region of WHO,Northern Africa,2015,9,2015-02-23,2015-03-01,,,,,,,,,,,,,,,No Report
Sudan,Eastern Mediterranean Region of WHO,Northern Africa,2015,10,2015-03-02,2015-03-08,,,,,,,,,,,,,,,No Report
Sudan,Eastern Mediterranean Region of WHO,Northern Africa,2015,11,2015-03-09,2015-03-15,,,,,,,,,,,,,,,No Report
Sudan,Eastern Mediterranean Region of WHO,Northern Africa,2015,12,2015-03-16,2015-03-22,,,,,,,,,,,,,,,No Report
Sudan,Eastern Mediterranean Region of WHO,Northern Africa,2015,13,2015-03-23,2015-03-29,,,,,,,,,,,,,,,No Report
Sudan,Eastern Mediterranean Region of WHO,Northern Africa,2015,14,2015-03-30,2015-04-05,,,,,,,,,,,,,,,No Report
Sudan,Eastern Mediterranean Region of WHO,Northern Africa,2015,15,2015-04-06,2015-04-12,,,,,,,,,,,,,,,No Report
Sudan,Eastern Mediterranean Region of WHO,Northern Africa,2015,16,2015-04-13,2015-04-19,,,,,,,,,,,,,,,No Report
Sudan,Eastern Mediterranean Region of WHO,Northern Africa,2015,17,2015-04-20,2015-04-26,,,,,,,,,,,,,,,No Report
Sudan,Eastern Mediterranean Region of WHO,Northern Africa,2015,18,2015-04-27,2015-05-03,,,,,,,,,,,,,,,No Report
Sudan,Eastern Mediterranean Region of WHO,Northern Africa,2015,19,2015-05-04,2015-05-10,,,,,,,,,,,,,,,No Report
Sudan,Eastern Mediterranean Region of WHO,Northern Africa,2015,20,2015-05-11,2015-05-17,,,,,,,,,,,,,,,No Report
Sudan,Eastern Mediterranean Region of WHO,Northern Africa,2015,21,2015-05-18,2015-05-24,,,,,,,,,,,,,,,No Report
Sudan,Eastern Mediterranean Region of WHO,Northern Africa,2015,22,2015-05-25,2015-05-31,,,,,,,,,,,,,,,No Report
Sudan,Eastern Mediterranean Region of WHO,Northern Africa,2015,23,2015-06-01,2015-06-07,,,,,,,,,,,,,,,No Report
Sudan,Eastern Mediterranean Region of WHO,Northern Africa,2015,24,2015-06-08,2015-06-14,,,,,,,,,,,,,,,No Report
Sudan,Eastern Mediterranean Region of WHO,Northern Africa,2015,25,2015-06-15,2015-06-21,,,,,,,,,,,,,,,No Report
Sudan,Eastern Mediterranean Region of WHO,Northern Africa,2015,26,2015-06-22,2015-06-28,,,,,,,,,,,,,,,No Report
Sudan,Eastern Mediterranean Region of WHO,Northern Africa,2015,27,2015-06-29,2015-07-05,,,,,,,,,,,,,,,No Report
Sudan,Eastern Mediterranean Region of WHO,Northern Africa,2015,28,2015-07-06,2015-07-12,,,,,,,,,,,,,,,No Report
Sudan,Eastern Mediterranean Region of WHO,Northern Africa,2015,29,2015-07-13,2015-07-19,,,,,,,,,,,,,,,No Report
Sudan,Eastern Mediterranean Region of WHO,Northern Africa,2015,30,2015-07-20,2015-07-26,,,,,,,,,,,,,,,No Report
Sudan,Eastern Mediterranean Region of WHO,Northern Africa,2015,31,2015-07-27,2015-08-02,,,,,,,,,,,,,,,No Report
Sudan,Eastern Mediterranean Region of WHO,Northern Africa,2015,32,2015-08-03,2015-08-09,,,,,,,,,,,,,,,No Report
Sudan,Eastern Mediterranean Region of WHO,Northern Africa,2015,33,2015-08-10,2015-08-16,,,,,,,,,,,,,,,No Report
Sudan,Eastern Mediterranean Region of WHO,Northern Africa,2015,34,2015-08-17,2015-08-23,,,,,,,,,,,,,,,No Report
Sudan,Eastern Mediterranean Region of WHO,Northern Africa,2015,35,2015-08-24,2015-08-30,,,,,,,,,,,,,,,No Report
Sudan,Eastern Mediterranean Region of WHO,Northern Africa,2015,36,2015-08-31,2015-09-06,,,,,,,,,,,,,,,No Report
Sudan,Eastern Mediterranean Region of WHO,Northern Africa,2015,37,2015-09-07,2015-09-13,,,,,,,,,,,,,,,No Report
Sudan,Eastern Mediterranean Region of WHO,Northern Africa,2015,38,2015-09-14,2015-09-20,,,,,,,,,,,,,,,No Report
Sudan,Eastern Mediterranean Region of WHO,Northern Africa,2015,39,2015-09-21,2015-09-27,,,,,,,,,,,,,,,No Report
Sudan,Eastern Mediterranean Region of WHO,Northern Africa,2015,40,2015-09-28,2015-10-04,,,,,,,,,,,,,,,No Report
Sudan,Eastern Mediterranean Region of WHO,Northern Africa,2015,41,2015-10-05,2015-10-11,,,,,,,,,,,,,,,No Report
Sudan,Eastern Mediterranean Region of WHO,Northern Africa,2015,42,2015-10-12,2015-10-18,,,,,,,,,,,,,,,No Report
Sudan,Eastern Mediterranean Region of WHO,Northern Africa,2015,43,2015-10-19,2015-10-25,,,,,,,,,,,,,,,No Report
Sudan,Eastern Mediterranean Region of WHO,Northern Africa,2015,44,2015-10-26,2015-11-01,,,,,,,,,,,,,,,No Report
Sudan,Eastern Mediterranean Region of WHO,Northern Africa,2015,45,2015-11-02,2015-11-08,,,,,,,,,,,,,,,No Report
Sudan,Eastern Mediterranean Region of WHO,Northern Africa,2015,46,2015-11-09,2015-11-15,,,,,,,,,,,,,,,No Report
Sudan,Eastern Mediterranean Region of WHO,Northern Africa,2015,47,2015-11-16,2015-11-22,,,,,,,,,,,,,,,No Report
Sudan,Eastern Mediterranean Region of WHO,Northern Africa,2015,48,2015-11-23,2015-11-29,,,,,,,,,,,,,,,No Report
Sudan,Eastern Mediterranean Region of WHO,Northern Africa,2015,49,2015-11-30,2015-12-06,,,,,,,,,,,,,,,No Report
Sudan,Eastern Mediterranean Region of WHO,Northern Africa,2015,50,2015-12-07,2015-12-13,,,,,,,,,,,,,,,No Report
Sudan,Eastern Mediterranean Region of WHO,Northern Africa,2015,51,2015-12-14,2015-12-20,,,,,,,,,,,,,,,No Report
Sudan,Eastern Mediterranean Region of WHO,Northern Africa,2015,52,2015-12-21,2015-12-27,,,,,,,,,,,,,,,No Report
Sudan,Eastern Mediterranean Region of WHO,Northern Africa,2015,53,2015-12-28,2016-01-03,,,,,,,,,,,,,,,No Report
Sudan,Eastern Mediterranean Region of WHO,Northern Africa,2016,1,2016-01-04,2016-01-10,,,,,,,,,,,,,,,No Report
Sudan,Eastern Mediterranean Region of WHO,Northern Africa,2016,2,2016-01-11,2016-01-17,,,,,,,,,,,,,,,No Report
Sudan,Eastern Mediterranean Region of WHO,Northern Africa,2016,3,2016-01-18,2016-01-24,,,,,,,,,,,,,,,No Report
Sudan,Eastern Mediterranean Region of WHO,Northern Africa,2016,4,2016-01-25,2016-01-31,,,,,,,,,,,,,,,No Report
Sudan,Eastern Mediterranean Region of WHO,Northern Africa,2016,5,2016-02-01,2016-02-07,,,,,,,,,,,,,,,No Report
Sudan,Eastern Mediterranean Region of WHO,Northern Africa,2016,6,2016-02-08,2016-02-14,,,,,,,,,,,,,,,No Report
Sudan,Eastern Mediterranean Region of WHO,Northern Africa,2016,7,2016-02-15,2016-02-21,,,,,,,,,,,,,,,No Report
Sudan,Eastern Mediterranean Region of WHO,Northern Africa,2016,8,2016-02-22,2016-02-28,,,,,,,,,,,,,,,No Report
Sudan,Eastern Mediterranean Region of WHO,Northern Africa,2016,9,2016-02-29,2016-03-06,,,,,,,,,,,,,,,No Report
Sudan,Eastern Mediterranean Region of WHO,Northern Africa,2016,10,2016-03-07,2016-03-13,,,,,,,,,,,,,,,No Report
Sudan,Eastern Mediterranean Region of WHO,Northern Africa,2016,11,2016-03-14,2016-03-20,,,,,,,,,,,,,,,No Report
Sudan,Eastern Mediterranean Region of WHO,Northern Africa,2016,12,2016-03-21,2016-03-27,,,,,,,,,,,,,,,No Report
Sudan,Eastern Mediterranean Region of WHO,Northern Africa,2016,13,2016-03-28,2016-04-03,,,,,,,,,,,,,,,No Report
Sudan,Eastern Mediterranean Region of WHO,Northern Africa,2016,14,2016-04-04,2016-04-10,,,,,,,,,,,,,,,No Report
Sudan,Eastern Mediterranean Region of WHO,Northern Africa,2016,15,2016-04-11,2016-04-17,,,,,,,,,,,,,,,No Report
Sudan,Eastern Mediterranean Region of WHO,Northern Africa,2016,16,2016-04-18,2016-04-24,,,,,,,,,,,,,,,No Report
Sudan,Eastern Mediterranean Region of WHO,Northern Africa,2016,17,2016-04-25,2016-05-01,,,,,,,,,,,,,,,No Report
Sudan,Eastern Mediterranean Region of WHO,Northern Africa,2016,18,2016-05-02,2016-05-08,,,,,,,,,,,,,,,No Report
Sudan,Eastern Mediterranean Region of WHO,Northern Africa,2016,19,2016-05-09,2016-05-15,,,,,,,,,,,,,,,No Report
Sudan,Eastern Mediterranean Region of WHO,Northern Africa,2016,20,2016-05-16,2016-05-22,,,,,,,,,,,,,,,No Report
Sudan,Eastern Mediterranean Region of WHO,Northern Africa,2016,21,2016-05-23,2016-05-29,,,,,,,,,,,,,,,No Report
Sudan,Eastern Mediterranean Region of WHO,Northern Africa,2016,22,2016-05-30,2016-06-05,,,,,,,,,,,,,,,No Report
Sudan,Eastern Mediterranean Region of WHO,Northern Africa,2016,23,2016-06-06,2016-06-12,,,,,,,,,,,,,,,No Report
Sudan,Eastern Mediterranean Region of WHO,Northern Africa,2016,24,2016-06-13,2016-06-19,,,,,,,,,,,,,,,No Report
Sudan,Eastern Mediterranean Region of WHO,Northern Africa,2016,25,2016-06-20,2016-06-26,,,,,,,,,,,,,,,No Report
Sudan,Eastern Mediterranean Region of WHO,Northern Africa,2016,26,2016-06-27,2016-07-03,,,,,,,,,,,,,,,No Report
Sudan,Eastern Mediterranean Region of WHO,Northern Africa,2016,27,2016-07-04,2016-07-10,,,,,,,,,,,,,,,No Report
Sudan,Eastern Mediterranean Region of WHO,Northern Africa,2016,28,2016-07-11,2016-07-17,,,,,,,,,,,,,,,No Report
Sudan,Eastern Mediterranean Region of WHO,Northern Africa,2016,29,2016-07-18,2016-07-24,,,,,,,,,,,,,,,No Report
Sudan,Eastern Mediterranean Region of WHO,Northern Africa,2016,30,2016-07-25,2016-07-31,,,,,,,,,,,,,,,No Report
Sudan,Eastern Mediterranean Region of WHO,Northern Africa,2016,31,2016-08-01,2016-08-07,,,,,,,,,,,,,,,No Report
Sudan,Eastern Mediterranean Region of WHO,Northern Africa,2016,32,2016-08-08,2016-08-14,,,,,,,,,,,,,,,No Report
Sudan,Eastern Mediterranean Region of WHO,Northern Africa,2016,33,2016-08-15,2016-08-21,,,,,,,,,,,,,,,No Report
Sudan,Eastern Mediterranean Region of WHO,Northern Africa,2016,34,2016-08-22,2016-08-28,,,,,,,,,,,,,,,No Report
Sudan,Eastern Mediterranean Region of WHO,Northern Africa,2016,35,2016-08-29,2016-09-04,,,,,,,,,,,,,,,No Report
Sudan,Eastern Mediterranean Region of WHO,Northern Africa,2016,36,2016-09-05,2016-09-11,,,,,,,,,,,,,,,No Report
Sudan,Eastern Mediterranean Region of WHO,Northern Africa,2016,37,2016-09-12,2016-09-18,,,,,,,,,,,,,,,No Report
Sudan,Eastern Mediterranean Region of WHO,Northern Africa,2016,38,2016-09-19,2016-09-25,,,,,,,,,,,,,,,No Report
Sudan,Eastern Mediterranean Region of WHO,Northern Africa,2016,39,2016-09-26,2016-10-02,,,,,,,,,,,,,,,No Report
Sudan,Eastern Mediterranean Region of WHO,Northern Africa,2016,40,2016-10-03,2016-10-09,,,,,,,,,,,,,,,No Report
Sudan,Eastern Mediterranean Region of WHO,Northern Africa,2016,41,2016-10-10,2016-10-16,,,,,,,,,,,,,,,No Report
Sudan,Eastern Mediterranean Region of WHO,Northern Africa,2016,42,2016-10-17,2016-10-23,,,,,,,,,,,,,,,No Report
Sudan,Eastern Mediterranean Region of WHO,Northern Africa,2016,43,2016-10-24,2016-10-30,,,,,,,,,,,,,,,No Report
Sudan,Eastern Mediterranean Region of WHO,Northern Africa,2016,44,2016-10-31,2016-11-06,,,,,,,,,,,,,,,No Report
Sudan,Eastern Mediterranean Region of WHO,Northern Africa,2016,45,2016-11-07,2016-11-13,,,,,,,,,,,,,,,No Report
Sudan,Eastern Mediterranean Region of WHO,Northern Africa,2016,46,2016-11-14,2016-11-20,,,,,,,,,,,,,,,No Report
Sudan,Eastern Mediterranean Region of WHO,Northern Africa,2016,47,2016-11-21,2016-11-27,,,,,,,,,,,,,,,No Report
Sudan,Eastern Mediterranean Region of WHO,Northern Africa,2016,48,2016-11-28,2016-12-04,,,,,,,,,,,,,,,No Report
Sudan,Eastern Mediterranean Region of WHO,Northern Africa,2016,49,2016-12-05,2016-12-11,,,,,,,,,,,,,,,No Report
Sudan,Eastern Mediterranean Region of WHO,Northern Africa,2016,50,2016-12-12,2016-12-18,,,,,,,,,,,,,,,No Report
Sudan,Eastern Mediterranean Region of WHO,Northern Africa,2016,51,2016-12-19,2016-12-25,,,,,,,,,,,,,,,No Report
Sudan,Eastern Mediterranean Region of WHO,Northern Africa,2016,52,2016-12-26,2017-01-01,,,,,,,,,,,,,,,No Report
Sudan,Eastern Mediterranean Region of WHO,Northern Africa,2017,1,2017-01-02,2017-01-08,,,,,,,,,,,,,,,No Report
Sudan,Eastern Mediterranean Region of WHO,Northern Africa,2017,2,2017-01-09,2017-01-15,,,,,,,,,,,,,,,No Report
Sudan,Eastern Mediterranean Region of WHO,Northern Africa,2017,3,2017-01-16,2017-01-22,,,,,,,,,,,,,,,No Report
Sudan,Eastern Mediterranean Region of WHO,Northern Africa,2017,4,2017-01-23,2017-01-29,,,,,,,,,,,,,,,No Report
Sudan,Eastern Mediterranean Region of WHO,Northern Africa,2017,5,2017-01-30,2017-02-05,,,,,,,,,,,,,,,No Report
Sudan,Eastern Mediterranean Region of WHO,Northern Africa,2017,6,2017-02-06,2017-02-12,,,,,,,,,,,,,,,No Report
Sudan,Eastern Mediterranean Region of WHO,Northern Africa,2017,7,2017-02-13,2017-02-19,,,,,,,,,,,,,,,No Report
Sudan,Eastern Mediterranean Region of WHO,Northern Africa,2017,8,2017-02-20,2017-02-26,,,,,,,,,,,,,,,No Report
Sudan,Eastern Mediterranean Region of WHO,Northern Africa,2017,9,2017-02-27,2017-03-05,,,,,,,,,,,,,,,No Report
Sudan,Eastern Mediterranean Region of WHO,Northern Africa,2017,10,2017-03-06,2017-03-12,,,,,,,,,,,,,,,No Report
Sudan,Eastern Mediterranean Region of WHO,Northern Africa,2017,11,2017-03-13,2017-03-19,,,,,,,,,,,,,,,No Report
Sudan,Eastern Mediterranean Region of WHO,Northern Africa,2017,12,2017-03-20,2017-03-26,,,,,,,,,,,,,,,No Report
Sudan,Eastern Mediterranean Region of WHO,Northern Africa,2017,13,2017-03-27,2017-04-02,,,,,,,,,,,,,,,No Report
Sudan,Eastern Mediterranean Region of WHO,Northern Africa,2017,14,2017-04-03,2017-04-09,,,,,,,,,,,,,,,No Report
Sudan,Eastern Mediterranean Region of WHO,Northern Africa,2017,15,2017-04-10,2017-04-16,,,,,,,,,,,,,,,No Report
Sudan,Eastern Mediterranean Region of WHO,Northern Africa,2017,16,2017-04-17,2017-04-23,,,,,,,,,,,,,,,No Report
Sudan,Eastern Mediterranean Region of WHO,Northern Africa,2017,17,2017-04-24,2017-04-30,,,,,,,,,,,,,,,No Report
Sudan,Eastern Mediterranean Region of WHO,Northern Africa,2017,18,2017-05-01,2017-05-07,,,,,,,,,,,,,,,No Report
Sudan,Eastern Mediterranean Region of WHO,Northern Africa,2017,19,2017-05-08,2017-05-14,,,,,,,,,,,,,,,No Report
Sudan,Eastern Mediterranean Region of WHO,Northern Africa,2017,20,2017-05-15,2017-05-21,,,,,,,,,,,,,,,No Report
Sudan,Eastern Mediterranean Region of WHO,Northern Africa,2017,21,2017-05-22,2017-05-28,,,,,,,,,,,,,,,No Report
Sudan,Eastern Mediterranean Region of WHO,Northern Africa,2017,22,2017-05-29,2017-06-04,,,,,,,,,,,,,,,No Report
Sudan,Eastern Mediterranean Region of WHO,Northern Africa,2017,23,2017-06-05,2017-06-11,,,,,,,,,,,,,,,No Report
Sudan,Eastern Mediterranean Region of WHO,Northern Africa,2017,24,2017-06-12,2017-06-18,,,,,,,,,,,,,,,No Report
Sudan,Eastern Mediterranean Region of WHO,Northern Africa,2017,25,2017-06-19,2017-06-25,,,,,,,,,,,,,,,No Report
Sudan,Eastern Mediterranean Region of WHO,Northern Africa,2017,26,2017-06-26,2017-07-02,,,,,,,,,,,,,,,No Report
Sudan,Eastern Mediterranean Region of WHO,Northern Africa,2017,27,2017-07-03,2017-07-09,,,,,,,,,,,,,,,No Report
Sudan,Eastern Mediterranean Region of WHO,Northern Africa,2017,28,2017-07-10,2017-07-16,,,,,,,,,,,,,,,No Report
Sudan,Eastern Mediterranean Region of WHO,Northern Africa,2017,29,2017-07-17,2017-07-23,,,,,,,,,,,,,,,No Report
Sudan,Eastern Mediterranean Region of WHO,Northern Africa,2017,30,2017-07-24,2017-07-30,,,,,,,,,,,,,,,No Report
Sudan,Eastern Mediterranean Region of WHO,Northern Africa,2017,31,2017-07-31,2017-08-06,,,,,,,,,,,,,,,No Report
Sudan,Eastern Mediterranean Region of WHO,Northern Africa,2017,32,2017-08-07,2017-08-13,,,,,,,,,,,,,,,No Report
Sudan,Eastern Mediterranean Region of WHO,Northern Africa,2017,33,2017-08-14,2017-08-20,,,,,,,,,,,,,,,No Report
Sudan,Eastern Mediterranean Region of WHO,Northern Africa,2017,34,2017-08-21,2017-08-27,,,,,,,,,,,,,,,No Report
Sudan,Eastern Mediterranean Region of WHO,Northern Africa,2017,35,2017-08-28,2017-09-03,,,,,,,,,,,,,,,No Report
Sudan,Eastern Mediterranean Region of WHO,Northern Africa,2017,36,2017-09-04,2017-09-10,,,,,,,,,,,,,,,No Report
Sudan,Eastern Mediterranean Region of WHO,Northern Africa,2017,37,2017-09-11,2017-09-17,,,,,,,,,,,,,,,No Report
Sudan,Eastern Mediterranean Region of WHO,Northern Africa,2017,38,2017-09-18,2017-09-24,,,,,,,,,,,,,,,No Report
Sudan,Eastern Mediterranean Region of WHO,Northern Africa,2017,39,2017-09-25,2017-10-01,,,,,,,,,,,,,,,No Report
Sudan,Eastern Mediterranean Region of WHO,Northern Africa,2017,40,2017-10-02,2017-10-08,,,,,,,,,,,,,,,No Report
Sudan,Eastern Mediterranean Region of WHO,Northern Africa,2017,41,2017-10-09,2017-10-15,,,,,,,,,,,,,,,No Report
Sudan,Eastern Mediterranean Region of WHO,Northern Africa,2017,42,2017-10-16,2017-10-22,,,,,,,,,,,,,,,No Report
Sudan,Eastern Mediterranean Region of WHO,Northern Africa,2017,43,2017-10-23,2017-10-29,,,,,,,,,,,,,,,No Report
Sudan,Eastern Mediterranean Region of WHO,Northern Africa,2017,44,2017-10-30,2017-11-05,,,,,,,,,,,,,,,No Report
Sudan,Eastern Mediterranean Region of WHO,Northern Africa,2017,45,2017-11-06,2017-11-12,,,,,,,,,,,,,,,No Report
Sudan,Eastern Mediterranean Region of WHO,Northern Africa,2017,46,2017-11-13,2017-11-19,,,,,,,,,,,,,,,No Report
Sudan,Eastern Mediterranean Region of WHO,Northern Africa,2017,47,2017-11-20,2017-11-26,,,,,,,,,,,,,,,No Report
Sudan,Eastern Mediterranean Region of WHO,Northern Africa,2017,48,2017-11-27,2017-12-03,,,,,,,,,,,,,,,No Report
Sudan,Eastern Mediterranean Region of WHO,Northern Africa,2017,49,2017-12-04,2017-12-10,,,,,,,,,,,,,,,No Report
Sudan,Eastern Mediterranean Region of WHO,Northern Africa,2017,50,2017-12-11,2017-12-17,,,,,,,,,,,,,,,No Report
Sudan,Eastern Mediterranean Region of WHO,Northern Africa,2017,51,2017-12-18,2017-12-24,,,,,,,,,,,,,,,No Report
Sudan,Eastern Mediterranean Region of WHO,Northern Africa,2017,52,2017-12-25,2017-12-31,,,,,,,,,,,,,,,No Report
Sudan,Eastern Mediterranean Region of WHO,Northern Africa,2018,1,2018-01-01,2018-01-07,,,,,,,,,,,,,,,No Report
Sudan,Eastern Mediterranean Region of WHO,Northern Africa,2018,2,2018-01-08,2018-01-14,,,,,,,,,,,,,,,No Report
Sudan,Eastern Mediterranean Region of WHO,Northern Africa,2018,3,2018-01-15,2018-01-21,,,,,,,,,,,,,,,No Report
Sudan,Eastern Mediterranean Region of WHO,Northern Africa,2018,4,2018-01-22,2018-01-28,,,,,,,,,,,,,,,No Report
Sudan,Eastern Mediterranean Region of WHO,Northern Africa,2018,5,2018-01-29,2018-02-04,,,,,,,,,,,,,,,No Report
Sudan,Eastern Mediterranean Region of WHO,Northern Africa,2018,6,2018-02-05,2018-02-11,,,,,,,,,,,,,,,No Report
Sudan,Eastern Mediterranean Region of WHO,Northern Africa,2018,7,2018-02-12,2018-02-18,,,,,,,,,,,,,,,No Report
Sudan,Eastern Mediterranean Region of WHO,Northern Africa,2018,8,2018-02-19,2018-02-25,,,,,,,,,,,,,,,No Report
Sudan,Eastern Mediterranean Region of WHO,Northern Africa,2018,9,2018-02-26,2018-03-04,,,,,,,,,,,,,,,No Report
Sudan,Eastern Mediterranean Region of WHO,Northern Africa,2018,10,2018-03-05,2018-03-11,,,,,,,,,,,,,,,No Report
Sudan,Eastern Mediterranean Region of WHO,Northern Africa,2018,11,2018-03-12,2018-03-18,,,,,,,,,,,,,,,No Report
Sudan,Eastern Mediterranean Region of WHO,Northern Africa,2018,12,2018-03-19,2018-03-25,,,,,,,,,,,,,,,No Report
Sudan,Eastern Mediterranean Region of WHO,Northern Africa,2018,13,2018-03-26,2018-04-01,,,,,,,,,,,,,,,No Report
Sudan,Eastern Mediterranean Region of WHO,Northern Africa,2018,14,2018-04-02,2018-04-08,,,,,,,,,,,,,,,No Report
Sudan,Eastern Mediterranean Region of WHO,Northern Africa,2018,15,2018-04-09,2018-04-15,,,,,,,,,,,,,,,No Report
Sudan,Eastern Mediterranean Region of WHO,Northern Africa,2018,16,2018-04-16,2018-04-22,,,,,,,,,,,,,,,No Report
Sudan,Eastern Mediterranean Region of WHO,Northern Africa,2018,17,2018-04-23,2018-04-29,,,,,,,,,,,,,,,No Report
Sudan,Eastern Mediterranean Region of WHO,Northern Africa,2018,18,2018-04-30,2018-05-06,,,,,,,,,,,,,,,No Report
Sudan,Eastern Mediterranean Region of WHO,Northern Africa,2018,19,2018-05-07,2018-05-13,,,,,,,,,,,,,,,No Report
Sudan,Eastern Mediterranean Region of WHO,Northern Africa,2018,20,2018-05-14,2018-05-20,,,,,,,,,,,,,,,No Report
Sudan,Eastern Mediterranean Region of WHO,Northern Africa,2018,21,2018-05-21,2018-05-27,,,,,,,,,,,,,,,No Report
Sudan,Eastern Mediterranean Region of WHO,Northern Africa,2018,22,2018-05-28,2018-06-03,,,,,,,,,,,,,,,No Report
Sudan,Eastern Mediterranean Region of WHO,Northern Africa,2018,23,2018-06-04,2018-06-10,,,,,,,,,,,,,,,No Report
Sudan,Eastern Mediterranean Region of WHO,Northern Africa,2018,24,2018-06-11,2018-06-17,,,,,,,,,,,,,,,No Report
Sudan,Eastern Mediterranean Region of WHO,Northern Africa,2018,25,2018-06-18,2018-06-24,,,,,,,,,,,,,,,No Report
Sudan,Eastern Mediterranean Region of WHO,Northern Africa,2018,26,2018-06-25,2018-07-01,,,,,,,,,,,,,,,No Report
Sudan,Eastern Mediterranean Region of WHO,Northern Africa,2018,27,2018-07-02,2018-07-08,,,,,,,,,,,,,,,No Report
Sudan,Eastern Mediterranean Region of WHO,Northern Africa,2018,28,2018-07-09,2018-07-15,,,,,,,,,,,,,,,No Report
Sudan,Eastern Mediterranean Region of WHO,Northern Africa,2018,29,2018-07-16,2018-07-22,,,,,,,,,,,,,,,No Report
Sudan,Eastern Mediterranean Region of WHO,Northern Africa,2018,30,2018-07-23,2018-07-29,,,,,,,,,,,,,,,No Report
Sudan,Eastern Mediterranean Region of WHO,Northern Africa,2018,31,2018-07-30,2018-08-05,,,,,,,,,,,,,,,No Report
Sudan,Eastern Mediterranean Region of WHO,Northern Africa,2018,32,2018-08-06,2018-08-12,,,,,,,,,,,,,,,No Report
Sudan,Eastern Mediterranean Region of WHO,Northern Africa,2018,33,2018-08-13,2018-08-19,,,,,,,,,,,,,,,No Report
Sudan,Eastern Mediterranean Region of WHO,Northern Africa,2018,34,2018-08-20,2018-08-26,,,,,,,,,,,,,,,No Report
Sudan,Eastern Mediterranean Region of WHO,Northern Africa,2018,35,2018-08-27,2018-09-02,,,,,,,,,,,,,,,No Report
Sudan,Eastern Mediterranean Region of WHO,Northern Africa,2018,36,2018-09-03,2018-09-09,,,,,,,,,,,,,,,No Report
Sudan,Eastern Mediterranean Region of WHO,Northern Africa,2018,37,2018-09-10,2018-09-16,,,,,,,,,,,,,,,No Report
Sudan,Eastern Mediterranean Region of WHO,Northern Africa,2018,38,2018-09-17,2018-09-23,,,,,,,,,,,,,,,No Report
Sudan,Eastern Mediterranean Region of WHO,Northern Africa,2018,39,2018-09-24,2018-09-30,,,,,,,,,,,,,,,No Report
Sudan,Eastern Mediterranean Region of WHO,Northern Africa,2018,40,2018-10-01,2018-10-07,,,,,,,,,,,,,,,No Report
Sudan,Eastern Mediterranean Region of WHO,Northern Africa,2018,41,2018-10-08,2018-10-14,,,,,,,,,,,,,,,No Report
Sudan,Eastern Mediterranean Region of WHO,Northern Africa,2018,42,2018-10-15,2018-10-21,,,,,,,,,,,,,,,No Report
Sudan,Eastern Mediterranean Region of WHO,Northern Africa,2018,43,2018-10-22,2018-10-28,,,,,,,,,,,,,,,No Report
Sudan,Eastern Mediterranean Region of WHO,Northern Africa,2018,44,2018-10-29,2018-11-04,,,,,,,,,,,,,,,No Report
Sudan,Eastern Mediterranean Region of WHO,Northern Africa,2018,45,2018-11-05,2018-11-11,,,,,,,,,,,,,,,No Report
Sudan,Eastern Mediterranean Region of WHO,Northern Africa,2018,46,2018-11-12,2018-11-18,,,,,,,,,,,,,,,No Report
Sudan,Eastern Mediterranean Region of WHO,Northern Africa,2018,47,2018-11-19,2018-11-25,,,,,,,,,,,,,,,No Report
Sudan,Eastern Mediterranean Region of WHO,Northern Africa,2018,48,2018-11-26,2018-12-02,,,,,,,,,,,,,,,No Report
Sudan,Eastern Mediterranean Region of WHO,Northern Africa,2018,49,2018-12-03,2018-12-09,,,,,,,,,,,,,,,No Report
Sudan,Eastern Mediterranean Region of WHO,Northern Africa,2018,50,2018-12-10,2018-12-16,,,,,,,,,,,,,,,No Report
Sudan,Eastern Mediterranean Region of WHO,Northern Africa,2018,51,2018-12-17,2018-12-23,,,,,,,,,,,,,,,No Report
Sudan,Eastern Mediterranean Region of WHO,Northern Africa,2018,52,2018-12-24,2018-12-30,,,,,,,,,,,,,,,No Report
Sudan,Eastern Mediterranean Region of WHO,Northern Africa,2019,1,2018-12-31,2019-01-06,,,,,,,,,,,,,,,No Report
Sudan,Eastern Mediterranean Region of WHO,Northern Africa,2019,2,2019-01-07,2019-01-13,,,,,,,,,,,,,,,No Report
Sudan,Eastern Mediterranean Region of WHO,Northern Africa,2019,3,2019-01-14,2019-01-20,,,,,,,,,,,,,,,No Report
Sudan,Eastern Mediterranean Region of WHO,Northern Africa,2019,4,2019-01-21,2019-01-27,,,,,,,,,,,,,,,No Report
Sudan,Eastern Mediterranean Region of WHO,Northern Africa,2019,5,2019-01-28,2019-02-03,,,,,,,,,,,,,,,No Report
Sudan,Eastern Mediterranean Region of WHO,Northern Africa,2019,6,2019-02-04,2019-02-10,,,,,,,,,,,,,,,No Report
Sudan,Eastern Mediterranean Region of WHO,Northern Africa,2019,7,2019-02-11,2019-02-17,,,,,,,,,,,,,,,No Report
Sudan,Eastern Mediterranean Region of WHO,Northern Africa,2019,8,2019-02-18,2019-02-24,,,,,,,,,,,,,,,No Report
Sudan,Eastern Mediterranean Region of WHO,Northern Africa,2019,9,2019-02-25,2019-03-03,,,,,,,,,,,,,,,No Report
Sudan,Eastern Mediterranean Region of WHO,Northern Africa,2019,10,2019-03-04,2019-03-10,,,,,,,,,,,,,,,No Report
Sudan,Eastern Mediterranean Region of WHO,Northern Africa,2019,11,2019-03-11,2019-03-17,,,,,,,,,,,,,,,No Report
Sudan,Eastern Mediterranean Region of WHO,Northern Africa,2019,12,2019-03-18,2019-03-24,,,,,,,,,,,,,,,No Report
Sudan,Eastern Mediterranean Region of WHO,Northern Africa,2019,13,2019-03-25,2019-03-31,,,,,,,,,,,,,,,No Report
Sudan,Eastern Mediterranean Region of WHO,Northern Africa,2019,14,2019-04-01,2019-04-07,,,,,,,,,,,,,,,No Report
Sudan,Eastern Mediterranean Region of WHO,Northern Africa,2019,15,2019-04-08,2019-04-14,,,,,,,,,,,,,,,No Report
Sudan,Eastern Mediterranean Region of WHO,Northern Africa,2019,16,2019-04-15,2019-04-21,,,,,,,,,,,,,,,No Report
Sudan,Eastern Mediterranean Region of WHO,Northern Africa,2019,17,2019-04-22,2019-04-28,,,,,,,,,,,,,,,No Report
Sudan,Eastern Mediterranean Region of WHO,Northern Africa,2019,18,2019-04-29,2019-05-05,,,,,,,,,,,,,,,No Report
Sudan,Eastern Mediterranean Region of WHO,Northern Africa,2019,19,2019-05-06,2019-05-12,,,,,,,,,,,,,,,No Report
Sudan,Eastern Mediterranean Region of WHO,Northern Africa,2019,20,2019-05-13,2019-05-19,,,,,,,,,,,,,,,No Report
Sudan,Eastern Mediterranean Region of WHO,Northern Africa,2019,21,2019-05-20,2019-05-26,,,,,,,,,,,,,,,No Report
Sudan,Eastern Mediterranean Region of WHO,Northern Africa,2019,22,2019-05-27,2019-06-02,,,,,,,,,,,,,,,No Report
Sudan,Eastern Mediterranean Region of WHO,Northern Africa,2019,23,2019-06-03,2019-06-09,,,,,,,,,,,,,,,No Report
Sudan,Eastern Mediterranean Region of WHO,Northern Africa,2019,24,2019-06-10,2019-06-16,,,,,,,,,,,,,,,No Report
Sudan,Eastern Mediterranean Region of WHO,Northern Africa,2019,25,2019-06-17,2019-06-23,,,,,,,,,,,,,,,No Report
Sudan,Eastern Mediterranean Region of WHO,Northern Africa,2019,26,2019-06-24,2019-06-30,,,,,,,,,,,,,,,No Report
Sudan,Eastern Mediterranean Region of WHO,Northern Africa,2019,27,2019-07-01,2019-07-07,,,,,,,,,,,,,,,No Report
Sudan,Eastern Mediterranean Region of WHO,Northern Africa,2019,28,2019-07-08,2019-07-14,,,,,,,,,,,,,,,No Report
Sudan,Eastern Mediterranean Region of WHO,Northern Africa,2019,29,2019-07-15,2019-07-21,,,,,,,,,,,,,,,No Report
Sudan,Eastern Mediterranean Region of WHO,Northern Africa,2019,30,2019-07-22,2019-07-28,,,,,,,,,,,,,,,No Report
Sudan,Eastern Mediterranean Region of WHO,Northern Africa,2019,31,2019-07-29,2019-08-04,,,,,,,,,,,,,,,No Report
Sudan,Eastern Mediterranean Region of WHO,Northern Africa,2019,32,2019-08-05,2019-08-11,,,,,,,,,,,,,,,No Report
Sudan,Eastern Mediterranean Region of WHO,Northern Africa,2019,33,2019-08-12,2019-08-18,,,,,,,,,,,,,,,No Report
Sudan,Eastern Mediterranean Region of WHO,Northern Africa,2019,34,2019-08-19,2019-08-25,,,,,,,,,,,,,,,No Report
Sudan,Eastern Mediterranean Region of WHO,Northern Africa,2019,35,2019-08-26,2019-09-01,,,,,,,,,,,,,,,No Report
Sudan,Eastern Mediterranean Region of WHO,Northern Africa,2019,36,2019-09-02,2019-09-08,,,,,,,,,,,,,,,No Report
Sudan,Eastern Mediterranean Region of WHO,Northern Africa,2019,37,2019-09-09,2019-09-15,,,,,,,,,,,,,,,No Report
Sudan,Eastern Mediterranean Region of WHO,Northern Africa,2019,38,2019-09-16,2019-09-22,,,,,,,,,,,,,,,No Report
Sudan,Eastern Mediterranean Region of WHO,Northern Africa,2019,39,2019-09-23,2019-09-29,,,,,,,,,,,,,,,No Report
Sudan,Eastern Mediterranean Region of WHO,Northern Africa,2019,40,2019-09-30,2019-10-06,,,,,,,,,,,,,,,No Report
Sudan,Eastern Mediterranean Region of WHO,Northern Africa,2019,41,2019-10-07,2019-10-13,,,,,,,,,,,,,,,No Report
Sudan,Eastern Mediterranean Region of WHO,Northern Africa,2019,42,2019-10-14,2019-10-20,,,,,,,,,,,,,,,No Report
Sudan,Eastern Mediterranean Region of WHO,Northern Africa,2019,43,2019-10-21,2019-10-27,,,,,,,,,,,,,,,No Report
Sudan,Eastern Mediterranean Region of WHO,Northern Africa,2019,44,2019-10-28,2019-11-03,,,,,,,,,,,,,,,No Report
Sudan,Eastern Mediterranean Region of WHO,Northern Africa,2019,45,2019-11-04,2019-11-10,,,,,,,,,,,,,,,No Report
Sudan,Eastern Mediterranean Region of WHO,Northern Africa,2019,46,2019-11-11,2019-11-17,,,,,,,,,,,,,,,No Report
Sudan,Eastern Mediterranean Region of WHO,Northern Africa,2019,47,2019-11-18,2019-11-24,,,,,,,,,,,,,,,No Report
Sudan,Eastern Mediterranean Region of WHO,Northern Africa,2019,48,2019-11-25,2019-12-01,,,,,,,,,,,,,,,No Report
Sudan,Eastern Mediterranean Region of WHO,Northern Africa,2019,49,2019-12-02,2019-12-08,,,,,,,,,,,,,,,No Report
Sudan,Eastern Mediterranean Region of WHO,Northern Africa,2019,50,2019-12-09,2019-12-15,,,,,,,,,,,,,,,No Report
Sudan,Eastern Mediterranean Region of WHO,Northern Africa,2019,51,2019-12-16,2019-12-22,,,,,,,,,,,,,,,No Report
Sudan,Eastern Mediterranean Region of WHO,Northern Africa,2019,52,2019-12-23,2019-12-29,,,,,,,,,,,,,,,No Report

